Name,Isin,TickerYahoo,Market,Currency
21S AADA,CH1102728750,AADA.PA,Euronext Paris,EUR
21S AAVE,CH1135202120,AAVE.PA,Euronext Paris,EUR
21S AFTM,CH1168929078,AFTM.PA,Euronext Paris,EUR
21S ALGO,CH1146882316,ALGO.PA,Euronext Paris,EUR
21S ALTS,CH1130675676,ALTS.PA,Euronext Paris,EUR
21S AUNI,CH1135202096,AUNI.PA,Euronext Paris,EUR
21S Bitcoin Cash,CH0475552201,ABCH.PA,Euronext Paris,EUR
21S CBTC,CH1199067674,CBTC.PA,Euronext Paris,EUR
21S HODL,CH0445689208,HODL.PA,Euronext Paris,EUR
21S HODLV,CH1135202161,HODLV.PA,Euronext Paris,EUR
21S HODLX,CH1135202179,HODLX.PA,Euronext Paris,EUR
21S LIDO,CH1275043318,LIDO.PA,Euronext Paris,EUR
21S LINK,CH1100083471,ALINK.PA,Euronext Paris,EUR
21S MANA,CH1161102699,MANA.PA,Euronext Paris,EUR
21S Polkadot,CH0593331561,ADOT.PA,Euronext Paris,EUR
21S Polygon,CH1129538448,MATIC.PA,Euronext Paris,EUR
21S Ripple XRP,CH0454664043,AXRP.PA,Euronext Paris,EUR
21S Solana,CH1114873776,ASOL.PA,Euronext Paris,EUR
21S STAKE,CH1210548892,STAKE.PA,Euronext Paris,EUR
21S Stellar,CH1109575535,AXLM.PA,Euronext Paris,EUR
21Shares Avalanche,CH1135202088,AVAX.PA,Euronext Paris,EUR
21Shares BTC ETP,CH0454664001,ABTC.PA,Euronext Paris,EUR
21Shares Ethereum,CH0454664027,AETH.PA,Euronext Paris,EUR
21Shares Short BTC,CH0514065058,SBTC.PA,Euronext Paris,EUR
AM ASIP EXJ PEA,FR0011869312,PAEJ.PA,Euronext Paris,EUR
AM EMU ESG LEAD D,LU2059756325,CMUD.PA,Euronext Paris,EUR
AM EMU ESG LEAD EU,LU1602144575,CMU.PA,Euronext Paris,EUR
AM EUR CLIM CTB,LU2130768844,LWCE.PA,Euronext Paris,EUR
AM EUR CORP SRI DR,LU1437018168,ECRP.PA,Euronext Paris,EUR
AM IMMO EUR PEA,FR0011869304,PMEH.PA,Euronext Paris,EUR
AM MSCI UK IM SRIG,LU1437025296,FTSE.PA,Euronext Paris,GBP
AM MSCI UK IMI SRI,LU1437025023,C1U.PA,Euronext Paris,EUR
Am MSCI W SRI PAB,IE000K1P4V37,WESE.PA,Euronext Paris,EUR
AM NSDQ 100 PEA,FR0011871110,PUST.PA,Euronext Paris,EUR
AM PAC XJP SRI EUR,LU1602144906,CP9.PA,Euronext Paris,EUR
AM PAC XJP SRI USD,LU1602145036,CP9U.PA,Euronext Paris,USD
AM PEA SP5H EUR,FR0011871136,PSPH.PA,Euronext Paris,EUR
Am PEA US ConsStpl,FR001400KE06,COSE.PA,Euronext Paris,EUR
AM PEA USA Value,FR001400KH45,USVE.PA,Euronext Paris,EUR
Am Wrld Cli Net 0,IE000Y77LGG9,WSRI.PA,Euronext Paris,EUR
AmMSCIWorld ESG,IE000PB4LRO2,CLWD.PA,Euronext Paris,EUR
AmSP500 NetZero,IE000O5FBC47,PABU.PA,Euronext Paris,EUR
AmSP500 NetZH,IE00058B19U6,PABH.PA,Euronext Paris,EUR
AMUNDI 10YINFBRKEV,LU1390062831,INFU.PA,Euronext Paris,EUR
AMUNDI 210INFBRKEV,LU1390062245,INFL.PA,Euronext Paris,EUR
AMUNDI 2XSHRTSP500,LU1327051279,DSP5.PA,Euronext Paris,EUR
AMUNDI ALL CNTYWLD,LU1829220216,ACWI.PA,Euronext Paris,EUR
AMUNDI ASI PA EXJP,LU1900068328,AEJ.PA,Euronext Paris,EUR
AMUNDI ASIA EX JPN,LU1900068161,APX.PA,Euronext Paris,EUR
AMUNDI BBG Eql wgt,LU1829218749,COMO.PA,Euronext Paris,EUR
AMUNDI BUND DDS,FR0010869578,DSB.PA,Euronext Paris,EUR
Amundi Bund Invers,LU2572256829,BUNS.PA,Euronext Paris,EUR
AMUNDI CAC40 ACC,FR0013380607,CACC.PA,Euronext Paris,EUR
AMUNDI CHINA ENTP,LU1900068914,ASI.PA,Euronext Paris,EUR
AMUNDI Chine PEA,FR0011871078,PASI.PA,Euronext Paris,EUR
AMUNDI COR STOX300,LU0908501058,MFED.PA,Euronext Paris,EUR
AMUNDI COR STOX600,LU0908500753,MEUD.PA,Euronext Paris,EUR
AMUNDI Core EMU,LU1646360971,MFE.PA,Euronext Paris,EUR
AMUNDI Core EMUACC,LU1646361276,MFEC.PA,Euronext Paris,EUR
AMUNDI Core UK Gov,LU1407892592,GILS.PA,Euronext Paris,EUR
AMUNDI CORE WORLD,LU1781541179,LCWD.PA,Euronext Paris,EUR
AMUNDI Corp GreenB,LU2370241684,PLAN.PA,Euronext Paris,EUR
AMUNDI DJIA PEA,FR0011869270,PDJE.PA,Euronext Paris,EUR
AMUNDI EESG ETF,LU2109787635,EESG.PA,Euronext Paris,EUR
AMUNDI EMTS BD 13Y,LU1829219556,MA13.PA,Euronext Paris,EUR
AMUNDI EMTS BD 35Y,LU1829219713,MA35.PA,Euronext Paris,EUR
AMUNDI EMTS HR MWG,LU1287023342,MAA.PA,Euronext Paris,EUR
AMUNDI EPRA DR,LU1437018838,EPRA.PA,Euronext Paris,EUR
AMUNDI EPRA EUROPE,LU1681039480,EPRE.PA,Euronext Paris,EUR
AMUNDI EPRA G DEV,LU1832418773,MWO.PA,Euronext Paris,EUR
AMUNDI ES50 USD,LU1681047400,C50U.PA,Euronext Paris,USD
AMUNDI ESG CRPEXFN,LU1829218822,CNB.PA,Euronext Paris,EUR
AMUNDI ESG EUR CRP,LU1829219127,CRP.PA,Euronext Paris,EUR
AMUNDI ESG USD CRP,LU1285960032,USIH.PA,Euronext Paris,EUR
AMUNDI ESTOXX50,FR0007054358,MSE.PA,Euronext Paris,EUR
AMUNDI ETF BX4,FR0010411884,BX4.PA,Euronext Paris,EUR
AMUNDI ETF CAC 40,LU1681046931,C40.PA,Euronext Paris,EUR
AMUNDI ETF CAC 40,FR0007052782,CAC.PA,Euronext Paris,EUR
AMUNDI ETF CAC MID,FR0011041334,CACM.PA,Euronext Paris,EUR
AMUNDI ETF CHINA-B,LU1681044050,CC1U.PA,Euronext Paris,USD
AMUNDI ETF DAX,LU0252633754,DAX.PA,Euronext Paris,EUR
AMUNDI ETF DAX DR,FR0010655712,CG1.PA,Euronext Paris,EUR
AMUNDI ETF DAX DS2,FR0010869495,DSD.PA,Euronext Paris,EUR
AMUNDI ETF DIV EUR,LU0959210278,EUDIV.PA,Euronext Paris,EUR
AMUNDI ETF DIV EUR,LU0959210781,EDIV.PA,Euronext Paris,EUR
AMUNDI ETF DJIA,FR0007056841,DJE.PA,Euronext Paris,EUR
AMUNDI ETF EASTERN,LU1900066462,CEC.PA,Euronext Paris,EUR
AMUNDI ETF EM AS U,LU1681044563,AASU.PA,Euronext Paris,USD
AMUNDI ETF EM ASIA,LU1681044480,AASI.PA,Euronext Paris,EUR
AMUNDI ETF EM LA U,LU1681045297,ALAU.PA,Euronext Paris,USD
AMUNDI ETF EM LATA,LU1681045024,ALAT.PA,Euronext Paris,EUR
AMUNDI ETF EMU HDV,FR0010717090,CD8.PA,Euronext Paris,EUR
AMUNDI ETF ES50 C,LU1681047236,C50.PA,Euronext Paris,EUR
AMUNDI ETF ES50 D,LU1681047319,CD5.PA,Euronext Paris,EUR
AMUNDI ETF EU BANK,FR0010688176,CB5.PA,Euronext Paris,EUR
AMUNDI ETF EU GROW,LU1681042435,CG9.PA,Euronext Paris,EUR
AMUNDI ETF EU HDVD,LU1681041973,CD9.PA,Euronext Paris,EUR
AMUNDI ETF EU HEAL,FR0010688192,CH5.PA,Euronext Paris,EUR
AMUNDI ETF EU VALU,LU1681042518,CV9.PA,Euronext Paris,EUR
AMUNDI ETF EU X EM,FR0010821819,CU9.PA,Euronext Paris,EUR
AMUNDI ETF EU X SW,LU1681044308,CS9.PA,Euronext Paris,EUR
AMUNDI ETF EUR CRP,LU1681039647,CC4.PA,Euronext Paris,EUR
AMUNDI ETF EUR MID,LU1681041544,CEM.PA,Euronext Paris,EUR
AMUNDI ETF EX AAA,LU1681046774,X1G.PA,Euronext Paris,EUR
AMUNDI ETF FRN 1 3,LU1681041114,AFRN.PA,Euronext Paris,EUR
AMUNDI ETF GOVT EM,LU1681041205,AGEB.PA,Euronext Paris,USD
AMUNDI ETF GV 0-6M,FR0010754200,C3M.PA,Euronext Paris,EUR
AMUNDI ETF IG 7-10,FR0010754184,C73.PA,Euronext Paris,EUR
AMUNDI ETF IG ALL,LU1681046261,CB3.PA,Euronext Paris,EUR
AMUNDI ETF INDIA,FR0010361683,INR.PA,Euronext Paris,EUR
AMUNDI ETF INDIA-B,LU1681043169,CI2U.PA,Euronext Paris,USD
AMUNDI ETF LEV CAC,FR0010592014,LVC.PA,Euronext Paris,EUR
AMUNDI ETF LEV USA,FR0010755611,CL2.PA,Euronext Paris,EUR
AMUNDI ETF LEVDAX,LU0252634307,LVD.PA,Euronext Paris,EUR
AMUNDI ETF MIB,LU1681037518,FMI.PA,Euronext Paris,EUR
AMUNDI ETF MS CHN,LU1681043912,CC1.PA,Euronext Paris,EUR
AMUNDI ETF MS E EN,FR0010930644,ANRJ.PA,Euronext Paris,EUR
AMUNDI ETF MS EM B,LU1681045453,AUEM.PA,Euronext Paris,USD
AMUNDI ETF MS FRA,FR0010655704,CF1.PA,Euronext Paris,EUR
AMUNDI ETF MS IND,LU1681043086,CI2.PA,Euronext Paris,EUR
AMUNDI ETF MS NOR,LU1681044647,CN1.PA,Euronext Paris,EUR
AMUNDI ETF MS SPA,FR0010655746,CS1.PA,Euronext Paris,EUR
AMUNDI ETF MS SWI,LU1681044720,CSW.PA,Euronext Paris,EUR
AMUNDI ETF MSC WHC,LU0533033238,HLTW.PA,Euronext Paris,EUR
AMUNDI ETF MSCI EM,LU1681045370,AEEM.PA,Euronext Paris,EUR
AMUNDI ETF MSCI EM,FR0010429068,LEM.PA,Euronext Paris,EUR
AMUNDI ETF MSCI US,LU1681042864,CU2.PA,Euronext Paris,EUR
AMUNDI ETF MSCI WR,LU1681043599,CW8.PA,Euronext Paris,EUR
AMUNDI ETF MSCIIND,LU1900065811,INDO.PA,Euronext Paris,EUR
AMUNDI ETF NDX 100,LU1681038243,ANX.PA,Euronext Paris,EUR
AMUNDI ETF NDX-B,LU1681038326,ANXU.PA,Euronext Paris,USD
AMUNDI ETF SGQIEUR,LU0832436512,SGQI.PA,Euronext Paris,EUR
AMUNDI ETF SHT CAC,FR0010591362,SHC.PA,Euronext Paris,EUR
AMUNDI ETF SHT USA,FR0010791194,C2U.PA,Euronext Paris,EUR
AMUNDI ETF SP 500,LU1681048804,500.PA,Euronext Paris,EUR
AMUNDI ETF SP5 DH,LU0959211243,SP5H.PA,Euronext Paris,EUR
AMUNDI ETF SP500,LU0496786574,SP5.PA,Euronext Paris,EUR
AMUNDI ETF SP500 B,LU1681049018,500U.PA,Euronext Paris,USD
AMUNDI ETF STOX600,LU1681040223,C6E.PA,Euronext Paris,EUR
AMUNDI ETF STOXX50,FR0010790980,C5E.PA,Euronext Paris,EUR
AMUNDI ETF SX50 DL,FR0010468983,LVE.PA,Euronext Paris,EUR
AMUNDI ETF SX50 DS,FR0010424135,BSX.PA,Euronext Paris,EUR
AMUNDI ETF TOPIX,FR0010245514,JPN.PA,Euronext Paris,EUR
AMUNDI ETF USA-B,LU1681042948,CU2U.PA,Euronext Paris,USD
AMUNDI ETF W EX EU,LU1681045537,CE8.PA,Euronext Paris,EUR
AMUNDI ETF W WATER,FR0010527275,WAT.PA,Euronext Paris,EUR
AMUNDI ETF W X EMU,FR0010756114,CM9.PA,Euronext Paris,EUR
AMUNDI ETF WLD NRJ,LU1681046006,CWE.PA,Euronext Paris,EUR
AMUNDI ETF WORLD-B,LU1681043672,CW8U.PA,Euronext Paris,USD
AMUNDI EU CRP3 SRI,LU2037748774,ECRP3.PA,Euronext Paris,EUR
AMUNDI EUR AGGSRI,LU2182388236,EGRI.PA,Euronext Paris,EUR
AMUNDI EUR CASH,FR0010510800,CSH.PA,Euronext Paris,EUR
AMUNDI EUR ESGLEAD,LU1940199711,ESGE.PA,Euronext Paris,EUR
AMUNDI EUR GOV 57,LU1287023003,MTC.PA,Euronext Paris,EUR
AMUNDI EUR GOV 710,LU1287023185,MTD.PA,Euronext Paris,EUR
AMUNDI EUR GOV DR,LU1437018598,EGOV.PA,Euronext Paris,EUR
AMUNDI Eur Gov Inf,LU1650491282,MTI.PA,Euronext Paris,EUR
AMUNDI EUR GOV1015,LU1650489385,MTE.PA,Euronext Paris,EUR
AMUNDI EUR GOVBOND,LU1650490474,MTX.PA,Euronext Paris,EUR
AMUNDI EUR GVTB57D,LU2090062865,C53D.PA,Euronext Paris,EUR
AMUNDI EUR H YIELD,LU1812090543,YIEL.PA,Euronext Paris,EUR
AMUNDI EUR STXBNK,LU1829219390,BNKE.PA,Euronext Paris,EUR
AMUNDI EURCORP BBB,LU1525418643,EBBB.PA,Euronext Paris,EUR
AMUNDI Euro GovGrn,LU2356220926,ERTH.PA,Euronext Paris,EUR
AMUNDI EUROGOV 13Y,LU1650487413,MTA.PA,Euronext Paris,EUR
AMUNDI EUROGOV 35Y,LU1650488494,MTB.PA,Euronext Paris,EUR
AMUNDI EUROMTS15PY,LU1287023268,MTF.PA,Euronext Paris,EUR
AMUNDI EUROZONEPAB,LU2195226068,EPAB.PA,Euronext Paris,EUR
AMUNDI EURZ CLIMPA,LU2182388582,PABZ.PA,Euronext Paris,EUR
AMUNDI FRN 1 3 GBP,LU1923163676,AFRHG.PA,Euronext Paris,GBP
AMUNDI FRN 1 3 USD,LU1923163759,AFRHU.PA,Euronext Paris,USD
AMUNDI FRN US HEU,LU1681041031,AFLE.PA,Euronext Paris,EUR
AMUNDI FRN USD,LU1681040900,AFLT.PA,Euronext Paris,USD
AMUNDI FTSE 100,LU1650492173,L100.PA,Euronext Paris,EUR
AMUNDI FTSE 100 MH,LU1650492330,100H.PA,Euronext Paris,EUR
Amundi FTSE Epra,LU1812091194,MEH.PA,Euronext Paris,EUR
AMUNDI FTSE MIB,FR0010010827,MIB.PA,Euronext Paris,EUR
AMUNDI G AG500 UH,LU1778293313,GAHU.PA,Euronext Paris,USD
AMUNDI G AGG500 DR,LU1437024729,GAGG.PA,Euronext Paris,EUR
AMUNDI G LUX USD,LU1681048713,LUXU.PA,Euronext Paris,USD
AMUNDI GLBAL INFRA,LU1589350310,GINF.PA,Euronext Paris,EUR
AMUNDI GLOBAL LUX,LU1681048630,GLUX.PA,Euronext Paris,EUR
AMUNDI GREEN BOND,LU1563454310,CLIM.PA,Euronext Paris,EUR
AMUNDI HI YIELD EU,LU1681040496,AHYE.PA,Euronext Paris,EUR
AMUNDI HIGH YLD BB,LU1215415214,HYBB.PA,Euronext Paris,EUR
AMUNDI INDIA PEA,FR0011869320,PINR.PA,Euronext Paris,EUR
AMUNDI JPM GBI DR,LU1437016204,GGOV.PA,Euronext Paris,EUR
AMUNDI JPM GBI H E,LU1708330235,GOVH.PA,Euronext Paris,EUR
AMUNDI JPNK CHF HD,LU1681047665,JPHC.PA,Euronext Paris,CHF
AMUNDI JPNK EUR HD,LU1681039134,JPHE.PA,Euronext Paris,EUR
AMUNDI JPNK GBP HD,LU1681039308,JPHG.PA,Euronext Paris,GBP
AMUNDI JPNK USD HD,LU1681039217,JPHU.PA,Euronext Paris,USD
AMUNDI JPX4 ETF,LU2233156749,JPX4.PA,Euronext Paris,EUR
AMUNDI JPXH ETF,LU2269164310,JPXH.PA,Euronext Paris,EUR
AMUNDI JPXNK 400,LU1681038912,JPNK.PA,Euronext Paris,EUR
AMUNDI JPXNK 400,LU1681039050,JPNY.PA,Euronext Paris,JPY
AMUNDI LOW RAT 1-3,LU1681046345,X13G.PA,Euronext Paris,EUR
AMUNDI LW RATED D,LU1681046857,X1GD.PA,Euronext Paris,EUR
AMUNDI LY DURA 25Y,LU1686832194,MTH.PA,Euronext Paris,EUR
AMUNDI MSC WTEC,LU0533033667,TNOW.PA,Euronext Paris,EUR
AMUNDI MSCI BRAZIL,LU1900066207,RIO.PA,Euronext Paris,EUR
AMUNDI MSCI BRAZIL,LU1437024992,BRZ.PA,Euronext Paris,USD
Amundi MSCI CHINA,LU2343997487,CNEG.PA,Euronext Paris,EUR
AMUNDI MSCI EM DR,LU1437017350,AEME.PA,Euronext Paris,EUR
AMUNDI MSCI EM PEA,FR0011440478,PLEM.PA,Euronext Paris,EUR
AMUNDI MSCI EM SRI,LU1861138961,EMSRI.PA,Euronext Paris,EUR
Amundi MSCI Energy,FR0014002CG3,NRJC.PA,Euronext Paris,EUR
AMUNDI MSCI EU ESG,LU1940199984,ESGH.PA,Euronext Paris,EUR
AMUNDI MSCI EU SRI,LU1861137484,EUSRI.PA,Euronext Paris,EUR
AMUNDI MSCI EUR,FR0010261198,MEU.PA,Euronext Paris,EUR
AMUNDI MSCI EUR DR,LU1437015735,CEU2.PA,Euronext Paris,EUR
AMUNDI MSCI EURMOM,LU1681041460,MCEU.PA,Euronext Paris,EUR
AMUNDI MSCI EUROPE,LU1681042609,CEU.PA,Euronext Paris,EUR
AMUNDI MSCI EURQUA,LU1681041890,QCEU.PA,Euronext Paris,EUR
AMUNDI MSCI GREECE,FR0010405431,GRE.PA,Euronext Paris,EUR
AMUNDI MSCI JAP E,LU1602144732,CJ1.PA,Euronext Paris,EUR
AMUNDI MSCI Korea,LU1900066975,KRW.PA,Euronext Paris,EUR
AMUNDI MSCI SEMICO,LU1900066033,CHIP.PA,Euronext Paris,EUR
AMUNDI MSCI SWITZ,LU1681044993,CSWC.PA,Euronext Paris,CHF
AMUNDI MSCI TURKEY,LU1900067601,TUR.PA,Euronext Paris,EUR
Amundi MSCI W Dist,LU2655993207,EWLD.PA,Euronext Paris,EUR
Amundi MSCI Water,FR0014002CH1,WATC.PA,Euronext Paris,EUR
AMUNDI MSCI WDH,FR0011660927,WLDH.PA,Euronext Paris,EUR
AMUNDI MSCI WOR,FR0010315770,WLD.PA,Euronext Paris,EUR
Amundi MSCI World,IE000BI8OT95,MWRD.PA,Euronext Paris,EUR
Amundi MSCIEmBroad,LU2109787049,CLEM.PA,Euronext Paris,EUR
Amundi MSCINorthAm,IE000MYCJA42,NRAM.PA,Euronext Paris,EUR
Amundi MSCIUSAESG,IE000PEAJOT0,SADU.PA,Euronext Paris,USD
AMUNDI MSCIW FINAN,LU0533032859,FINSW.PA,Euronext Paris,EUR
AMUNDI MSCIWL ENYU,LU1681046188,CWEU.PA,Euronext Paris,USD
AMUNDI NASDAQ 100,LU1829221024,UST.PA,Euronext Paris,EUR
AMUNDI NDXH EUR HD,LU1681038599,NDXH.PA,Euronext Paris,EUR
AMUNDI NEW ENER,FR0010524777,NRJ.PA,Euronext Paris,EUR
Amundi NSDQ LEV,FR0010342592,LQQ.PA,Euronext Paris,EUR
Amundi NYSE Arca G,LU2611731824,GLDM.PA,Euronext Paris,EUR
AMUNDI PEA EM ALAT,FR0013412004,PALAT.PA,Euronext Paris,EUR
AMUNDI PEA EUROPE,FR0013412038,PCEU.PA,Euronext Paris,EUR
AMUNDI PEA MSCI EM,FR0013412020,PAEEM.PA,Euronext Paris,EUR
AMUNDI PEA NASDAQ,FR0013412269,PANX.PA,Euronext Paris,EUR
AMUNDI PEA OBLI,FR0013346681,OBLI.PA,Euronext Paris,EUR
AMUNDI PEA SP500,FR0013412285,PE500.PA,Euronext Paris,EUR
AMUNDI PEA SP500 H,FR0013412293,P500H.PA,Euronext Paris,EUR
AMUNDI PEA TOPIX,FR0013411980,PTPXE.PA,Euronext Paris,EUR
AMUNDI PEA TOPIX H,FR0013411998,PTPXH.PA,Euronext Paris,EUR
AMUNDI PHYS GOLD,FR0013416716,GOLD.PA,Euronext Paris,EUR
AMUNDI RUSSEL 2000,LU1681038839,RS2U.PA,Euronext Paris,USD
AMUNDI RUSSEL 2K,LU1681038672,RS2K.PA,Euronext Paris,EUR
AMUNDI S&P BBck EU,LU1681048127,BYBE.PA,Euronext Paris,EUR
AMUNDI S&P BBck US,LU1681048556,BYBU.PA,Euronext Paris,USD
Amundi S&P Co Disc,IE000NM0ALX6,CODW.PA,Euronext Paris,EUR
Amundi S&P Co Serv,IE000EFHIFG3,TELW.PA,Euronext Paris,EUR
Amundi S&P Co Stap,IE000ZIJ5B20,COSW.PA,Euronext Paris,EUR
Amundi S&P Enrgy,IE000J0LN0R5,NRGW.PA,Euronext Paris,EUR
Amundi S&P Indust,IE000LTA2082,INDW.PA,Euronext Paris,EUR
Amundi S&P Mat,IE000FCGBU62,MATW.PA,Euronext Paris,EUR
Amundi S&P500 ETF,IE000KXCEXR3,S500.PA,Euronext Paris,EUR
Amundi S&P500 Hdg,IE00058MW3M8,S500H.PA,Euronext Paris,EUR
AMUNDI SMALL CAP,LU1598689153,MMS.PA,Euronext Paris,EUR
AMUNDI SMART CITY,LU2037748345,SCITY.PA,Euronext Paris,EUR
AMUNDI SMART USD,LU1602145200,SMRU.PA,Euronext Paris,USD
AMUNDI SP500 C,LU1135865084,SP5C.PA,Euronext Paris,EUR
AMUNDI SP500 H EUR,LU1681049109,500H.PA,Euronext Paris,EUR
AMUNDI SP500 PEA,FR0011871128,PSP5.PA,Euronext Paris,EUR
AMUNDI ST EU BA RE,LU1834983550,BRES.PA,Euronext Paris,EUR
AMUNDI ST EU ENERG,LU1834988278,ENRG.PA,Euronext Paris,EUR
AMUNDI ST EU HLTHC,LU1834986900,HLT.PA,Euronext Paris,EUR
AMUNDI ST EU UTILI,LU1834988864,UTI.PA,Euronext Paris,EUR
AMUNDI STOXX GL AI,LU1861132840,GOAI.PA,Euronext Paris,EUR
AMUNDI STX 600 INS,LU1834987973,INS.PA,Euronext Paris,EUR
AMUNDI STX EU BANK,LU1834983477,BNK.PA,Euronext Paris,EUR
AMUNDI STX EU SDIV,LU1812092168,SEL.PA,Euronext Paris,EUR
AMUNDI STX EU TECH,LU1834988518,TNO.PA,Euronext Paris,EUR
AMUNDI STX EU TELE,LU1834988609,TELE.PA,Euronext Paris,EUR
AMUNDI SX50 DDS,FR0010424143,BXX.PA,Euronext Paris,EUR
AMUNDI TOPIX DH,FR0011475078,JPNH.PA,Euronext Paris,EUR
AMUNDI TOPIX EUR,LU1681037609,TPXE.PA,Euronext Paris,EUR
AMUNDI TOPIX HDG,LU1681037864,TPXH.PA,Euronext Paris,EUR
AMUNDI TOPIX JPY,LU1681037781,TPXY.PA,Euronext Paris,JPY
AMUNDI TPX CHF DH,LU1681038169,TPHC.PA,Euronext Paris,CHF
AMUNDI TPX GBP HD,LU1681038086,TPHG.PA,Euronext Paris,GBP
AMUNDI TPX USD HD,LU1681037948,TPHU.PA,Euronext Paris,USD
AMUNDI UK Gov Infl,LU1407893301,GILI.PA,Euronext Paris,EUR
AMUNDI US CORP SRI,LU1806495575,UCRP.PA,Euronext Paris,USD
AMUNDI US MIN VO,LU1589349734,MIVU.PA,Euronext Paris,EUR
AMUNDI US STEEPEN,LU2018762653,STPU.PA,Euronext Paris,EUR
AMUNDI US TIPS,LU1525419294,UIFL.PA,Euronext Paris,USD
AMUNDI US-T 10Y+,LU2338178648,U10HK.PA,Euronext Paris,HKD
Amundi USASRI,IE000R85HL30,USRI.PA,Euronext Paris,EUR
AMUNDI USCORP BBB,LU1525418726,UBBB.PA,Euronext Paris,USD
AMUNDI USD H YIELD,LU1435356149,USHY.PA,Euronext Paris,EUR
AMUNDI UST 10+,LU1407890620,US10.PA,Euronext Paris,USD
AMUNDI W WATER PEA,FR0011882364,AWAT.PA,Euronext Paris,EUR
AMUNDIETF CAC40(D),LU1681047079,C4D.PA,Euronext Paris,EUR
AmUSA Climate,IE000QQ8Z0D8,USA.PA,Euronext Paris,EUR
AmUSA Climate,IE0006IP4XZ8,USAC.PA,Euronext Paris,EUR
AXA BDV USD ACC,IE000SBHVL31,ABIU.PA,Euronext Paris,USD
AXA CLIM USD ACC,IE000Z8BHG02,ACLU.PA,Euronext Paris,USD
AXA EUR IG ACC,IE000JBB8CR7,AIPE.PA,Euronext Paris,EUR
AXA US HY ACC,IE000IAPH329,AHYU.PA,Euronext Paris,USD
AXA USD IG ACC,IE000N0TTJQ9,AIPU.PA,Euronext Paris,USD
BITCOIN ETF EUR,FR0014002IH8,BTC.PA,Euronext Paris,EUR
BNP ASust EU Corp,LU2697596745,ACES.PA,Euronext Paris,EUR
BNP ASust EU CorpD,LU2697596828,ACESD.PA,Euronext Paris,EUR
BNP ASust EU Gov,LU2697597552,AGES.PA,Euronext Paris,EUR
BNP ASust EU GovD,LU2697597719,AGESD.PA,Euronext Paris,EUR
BNP BB EURO AGG EC,LU1481202692,JBEM.PA,Euronext Paris,EUR
BNP EM SRI EC ESG,LU1659681230,EMIS.PA,Euronext Paris,EUR
BNP EM SRI PAB ED,LU1659681313,EISR.PA,Euronext Paris,EUR
BNP EM SRI PAB UC,LU1291098314,EMSR.PA,Euronext Paris,USD
BNP EU SRI PAB EC,LU1753045332,SRIEC.PA,Euronext Paris,EUR
BNP EU SRI PAB ED,LU1753045415,SRIE.PA,Euronext Paris,EUR
BNP EUR Ushr SRI C,LU2533812058,SRIUC.PA,Euronext Paris,EUR
BNP EUR Ushr SRI D,LU2533811910,SRIUD.PA,Euronext Paris,EUR
BNP JP SRI PAB EC,LU1753045845,SRIJC.PA,Euronext Paris,EUR
BNP JP SRI PAB ED,LU1753045928,SRIJ.PA,Euronext Paris,EUR
BNP LCEU PAB D ETF,LU2777377875,LCEUD.PA,Euronext Paris,EUR
BNP US SRI PAB EC,LU1659681586,EKLDC.PA,Euronext Paris,EUR
BNP US SRI PAB ED,LU1659681669,EKUS.PA,Euronext Paris,EUR
BNP US SRI PAB UC,LU1291103338,EKLD.PA,Euronext Paris,USD
BNP USD Corp SRI C,LU2616774076,USCBC.PA,Euronext Paris,USD
BNP USD Corp SRI D,LU2616776444,USCBD.PA,Euronext Paris,USD
BNP WD SRI PAB EC,LU1615092217,EMWE.PA,Euronext Paris,EUR
BNP WD SRI PAB UC,LU1291108642,EWRD.PA,Euronext Paris,USD
BNPP  BONDSRI ETF,LU1953136287,SRICD.PA,Euronext Paris,EUR
BNPP  EUR BOND SRI,LU1859444769,SRIC.PA,Euronext Paris,EUR
BNPP Agg BondSRI C,LU2533812991,BSRIC.PA,Euronext Paris,EUR
BNPP Agg BondSRI D,LU2533812728,BSRID.PA,Euronext Paris,EUR
BNPP Biodiv ETF,LU2446381555,BIODV.PA,Euronext Paris,EUR
BNPP Blue ESG ETF,LU2533813296,BLUSD.PA,Euronext Paris,USD
BNPP BONDSRI5 ETF,LU2446383338,SRIC6.PA,Euronext Paris,EUR
BNPP CAC 40 ESG,FR0010150458,E40.PA,Euronext Paris,EUR
BNPP CE LEADER ETF,LU1953136527,REUSE.PA,Euronext Paris,EUR
BNPP China EUR ETF,LU2314312849,CHINE.PA,Euronext Paris,EUR
BNPP China$ ETF,LU2314312922,CHINU.PA,Euronext Paris,USD
BNPP Circular ETF,LU2533810276,REUSD.PA,Euronext Paris,USD
BNPP CORP 1 3 ETF,LU2008760592,SRIC3.PA,Euronext Paris,EUR
BNPP CORP 3 5 ETF,LU2008761053,SRIC5.PA,Euronext Paris,EUR
BNPP EASY EPREUETF,LU1859445063,EEEH.PA,Euronext Paris,EUR
BNPP EASY JPH ESG,LU1481203070,EJAH.PA,Euronext Paris,EUR
BNPP EASY LOWCARB,LU1377382368,ECN.PA,Euronext Paris,EUR
BNPP EHY SRI C ETF,LU2244386053,HYSRI.PA,Euronext Paris,EUR
BNPP EHY SRI D ETF,LU2244386137,HSRID.PA,Euronext Paris,EUR
BNPP EMEHETF,LU1547516291,EMEH.PA,Euronext Paris,EUR
BNPP EmMk ESG ETF,LU1291097779,EEMK.PA,Euronext Paris,EUR
BNPP EMU ESG ETF,LU1291098827,EEMU.PA,Euronext Paris,EUR
BNPP EMU SRI PAB,LU1953137681,MUSRI.PA,Euronext Paris,EUR
BNPP EQDEU ESG,LU1615090864,EDEU.PA,Euronext Paris,EUR
BNPP ESG BLUE ETF,LU2194447293,BLUE.PA,Euronext Paris,EUR
BNPP ESGEMU IG 3YC,LU2533810862,GEU3C.PA,Euronext Paris,EUR
BNPP ESGEMU IG 3YD,LU2533810789,GEU3D.PA,Euronext Paris,EUR
BNPP ESGEMU3-5 ETF,LU2244387457,GEMU.PA,Euronext Paris,EUR
BNPP ESGGrowth ETF,LU2244387887,EGRO.PA,Euronext Paris,EUR
BNPP EU ESG ETF,LU1291099718,EEUE.PA,Euronext Paris,EUR
BNPP EU GREEN ETF,LU2008763935,GREAL.PA,Euronext Paris,EUR
BNPP EUROSTOXX50 C,FR0012739431,ETDD.PA,Euronext Paris,EUR
BNPP EURSTOX50 C/D,FR0012740983,ETBB.PA,Euronext Paris,EUR
BNPP FTSE Dv ETF,LU1291091228,EEP.PA,Euronext Paris,EUR
BNPP FTSE EUR ETFC,LU0950381748,EEA.PA,Euronext Paris,EUR
BNPP FTSE EUR ETFD,LU0192223062,EEE.PA,Euronext Paris- Amsterdam,EUR
BNPP Green CTB ETF,LU2365458905,GRCTB.PA,Euronext Paris,EUR
BNPP Greenbond ETF,LU2365458814,GSSBD.PA,Euronext Paris,EUR
BNPP GSCI ETF,LU1291109533,GSCU.PA,Euronext Paris,USD
BNPP Hydro ESG ETF,LU2533813023,HYDUS.PA,Euronext Paris,USD
BNPP Hydrogen ETF,LU2365458145,HYDRO.PA,Euronext Paris,EUR
BNPP Infra ESG ETF,IE0006O3TTP9,ENGUS.PA,Euronext Paris,USD
BNPP Infra ESG ETF,IE000FF2EBQ8,ENG.PA,Euronext Paris,EUR
BNPP JP ESG ETF,LU1291102447,EJAP.PA,Euronext Paris,EUR
BNPP LC EU100D PAB,LU1377382442,ECND.PA,Euronext Paris,EUR
BNPP LC EURPAB ETF,LU2194448267,LCEZ.PA,Euronext Paris,EUR
BNPP LCWPAB ETF,LU2194449075,LCWLD.PA,Euronext Paris,EUR
BNPP LowVol EU ESG,LU1377381717,EVOE.PA,Euronext Paris,EUR
BNPP LowVol US ESG,LU1377381980,EVOU.PA,Euronext Paris,EUR
BNPP LWVOLEU ESG,LU1481201025,VLED.PA,Euronext Paris,EUR
BNPP LWVOLUS D ESG,LU1481201298,VLUD.PA,Euronext Paris,EUR
BNPP Med Tech ETF,LU2365457410,MEDTE.PA,Euronext Paris,EUR
BNPP MedT ESG ETF,LU2533811084,MTUSD.PA,Euronext Paris,USD
BNPP Moment EU ESG,LU1377382012,EMOM.PA,Euronext Paris,EUR
BNPP MOMENTUMD ESG,LU1481201538,MOED.PA,Euronext Paris,EUR
BNPP N Am ESG ETF,LU1291104575,ENAM.PA,Euronext Paris,EUR
BNPP Pac xJP ESG,LU1291106356,EPEJ.PA,Euronext Paris,EUR
BNPP Quali EU ESG,LU1377382103,EQUA.PA,Euronext Paris,EUR
BNPP QUALITYD ESG,LU1481201611,QUED.PA,Euronext Paris,EUR
BNPP SC SRI PAB,LU1291101555,EESM.PA,Euronext Paris,EUR
BNPP SP500 ESG EUH,IE000Q6C8036,SPEUH.PA,Euronext Paris,EUR
BNPP SP500 ESG EUR,IE0004J37T45,SPEEU.PA,Euronext Paris,EUR
BNPP SP500 ESG USD,IE0000VX9GN7,SPEUS.PA,Euronext Paris,USD
BNPP SP500 EUR C,FR0011550185,ESE.PA,Euronext Paris,EUR
BNPP SP500 EURH C,FR0013041530,ESEH.PA,Euronext Paris,EUR
BNPP SP500 USD C,FR0011550177,ESD.PA,Euronext Paris,USD
BNPP SP500 USD CD,FR0011550680,ESDD.PA,Euronext Paris,USD
BNPP Stoxx 600C,FR0011550193,ETZ.PA,Euronext Paris,EUR
BNPP Stoxx 600CD,FR0011550672,ETZD.PA,Euronext Paris,EUR
BNPP Value EU ESG,LU1377382285,EVAE.PA,Euronext Paris,EUR
BNPP VALUED ESG,LU1481201702,VALD.PA,Euronext Paris,EUR
BNPP WLD PAB ETF D,LU2641925016,EMWD.PA,Euronext Paris,EUR
BNPP World ESG ETF,IE0008FB2WZ1,WEMTE.PA,Euronext Paris,USD
BNPP World ESG ETF,IE000W8HP9L8,WEMT2.PA,Euronext Paris,EUR
BNPPGreenbondD ETF,LU2365458731,GSSBO.PA,Euronext Paris,EUR
BNPPJPM ESGEMH ETF,LU1547515137,EMBH.PA,Euronext Paris,EUR
BTCetc EUR,DE000A27Z304,BTCE.PA,Euronext Paris,EUR
DDA Ph Bitcoin ETP,DE000A3GK2N1,XBTI.PA,Euronext Paris,EUR
EMQQ-INTRNTECOMM,IE00BFYN8Y92,EMQQ.PA,Euronext Paris,EUR
ETHetc EUR,DE000A3GMKD7,ZETH.PA,Euronext Paris,EUR
EUGD UCITS ETF,IE0007WMHDE3,EUGD.PA,Euronext Paris,EUR
FIRST TRUST GLOBAL,IE00BYTH6121,FGBL.PA,Euronext Paris,EUR
FIRST TRUST IPO,IE00BYTH6238,FPXU.PA,Euronext Paris,USD
Gbl Cln Enrgy US A,IE000U58J0M1,INRE.PA,Euronext Paris,EUR
H MSCI JP IS ESG,IE0001XCFC82,HIJS.PA,Euronext Paris,EUR
HAMO,CH1218734544,HAMO.PA,Euronext Paris,EUR
HAN AHCL ETF,IE00BMFNW783,TRYP.PA,Euronext Paris,EUR
HAN DIGI INFRA,IE00BL643144,DIGI.PA,Euronext Paris,EUR
HAN HLTH EQL WT,IE00BJQTJ848,WELL.PA,Euronext Paris,EUR
HAN MINING ETF,IE00BNTVVR89,ESGO.PA,Euronext Paris,EUR
HAN-GINS TECH MEGA,IE00BDDRF700,ITEK.PA,Euronext Paris,EUR
HASH,CH1184151731,HASH.PA,Euronext Paris,EUR
HSBC APACXJ SU ETF,IE00BKY58G26,HSXD.PA,Euronext Paris,EUR
HSBC DW SUS ETF,IE00BKY59K37,HSWD.PA,Euronext Paris,EUR
HSBC EM SUS ETF,IE00BKY59G90,HSEM.PA,Euronext Paris,EUR
HSBC EUROSTX50 ETF,IE00B4K6B022,50E.PA,Euronext Paris,EUR
HSBC FTSE 100 ETF,IE00B42TW061,UKX.PA,Euronext Paris,EUR
HSBC HSENG TCH ETF,IE00BMWXKN31,HSTE.PA,Euronext Paris,EUR
HSBC MSCI BRAZIL,IE00B5W34K94,HBZ.PA,Euronext Paris,EUR
HSBC MSCI CANADA,IE00B51B7Z02,HCAN.PA,Euronext Paris,EUR
HSBC MSCI CHINA,IE00B44T3H88,CNY.PA,Euronext Paris,EUR
HSBC MSCI EM LATAM,IE00B4TS3815,HMLA.PA,Euronext Paris,EUR
HSBC MSCI EMIS,IE0009BC6K22,HIES.PA,Euronext Paris,EUR
HSBC MSCI EU IS,IE000AGFZM58,HIPS.PA,Euronext Paris,EUR
HSBC MSCI EUR ETF,IE00B5BD5K76,HEU.PA,Euronext Paris,EUR
HSBC MSCI PACxJAP,IE00B5SG8Z57,MXJ.PA,Euronext Paris,EUR
HSBC MSCI TURKEY,IE00B5BRQB73,HTR.PA,Euronext Paris,EUR
HSBC MSCI USA ETF,IE00B5WFQ436,MUS.PA,Euronext Paris,EUR
HSBC MSCI USA IS,IE000I5NV504,HIUS.PA,Euronext Paris,EUR
HSBC MSCI WLD IS,IE000X9FTI22,HIWS.PA,Euronext Paris,EUR
HSBC MSCI WORLD,IE00B4X9L533,WRD.PA,Euronext Paris,EUR
HSBC MSCIJAPAN ETF,IE00B5VX7566,MJP.PA,Euronext Paris,EUR
HSBC MUCPAB ETF,IE00BP2C1S34,HPAU.PA,Euronext Paris,EUR
HSBC SP 500 ETF,IE00B5KQNG97,HHH.PA,Euronext Paris,EUR
HSBC UK SUS EQ ETF,IE00BKY53D40,HSUK.PA,Euronext Paris,EUR
HSBC W ESG BD Ac,IE0002UTLE51,HBDS.PA,Euronext Paris,EUR
HSBCBBGAGGCORPETF,IE000XGNMWE1,HAGG.PA,Euronext Paris,EUR
HSBCJAPNSUSUSDDIST,IE000J3F4J90,HSJA.PA,Euronext Paris,EUR
HSBCMSCICNAUSDACC,IE000Z4OYPZ6,HCAS.PA,Euronext Paris,EUR
HSBCMSCICNUSDACC,IE0007P4PBU1,HCHS.PA,Euronext Paris,EUR
HSBCMSCIEMSCAPESG,IE000W080FK3,HESS.PA,Euronext Paris,EUR
HSBCMSCIEMUSDACC,IE000KCS7J59,HEMA.PA,Euronext Paris,EUR
HSBCMSCIEMVALESG,IE000NVVIF88,HEVS.PA,Euronext Paris,EUR
HSBCMSCIEUROEURACC,IE000ZQOIPB1,HMES.PA,Euronext Paris,EUR
HSBCMSCIJAPNUSDACC,IE0006RFB3X2,HMJS.PA,Euronext Paris,EUR
HSBCMSCIWLDSCAPESG,IE000C692SN6,HWSS.PA,Euronext Paris,EUR
HSBCMSCIWLDVALESG,IE000LYBU7X5,HWVS.PA,Euronext Paris,EUR
HSBCMSCIWRLDEURHED,IE000QMIHY81,HWOE.PA,Euronext Paris,EUR
iBds D25 $ Trea Ac,IE000U99N3V1,TI25.PA,Euronext Paris,EUR
iBds D25 Term E Ac,IE000GUOATN7,IB25.PA,Euronext Paris,EUR
iBds D26 Term E Ac,IE000WA6L436,B26A.PA,Euronext Paris,EUR
iBds D27 Term $ Ac,IE000I1D7D10,DI27.PA,Euronext Paris,EUR
iBds D27 Term E Ac,IE000ZOI8OK5,IB27.PA,Euronext Paris,EUR
iBds D28 Term E Ac,IE0008UEVOE0,B28A.PA,Euronext Paris,EUR
ICLIMA GLOBAL,IE00BNC1F287,CLMA.PA,Euronext Paris,EUR
iS China Bond Acc,IE00BKPSFD61,CYEA.PA,Euronext Paris,EUR
iS Div Comm Swp DE,DE000A0H0728,CMSE.PA,Euronext Paris,EUR
iS Glo Semi Acc,IE000I8KRLL9,SEME.PA,Euronext Paris,EUR
IS SMRT CY IN ACC,IE00BKTLJC87,CITY.PA,Euronext Paris,EUR
ISH DIG EN & ED US,IE00023EZQ82,DGGE.PA,Euronext Paris,EUR
iSh iBd Dc25 E Dst,IE000NXQKHU1,IBE5.PA,Euronext Paris,EUR
iSh iBd Dc27 E Dst,IE000H5X52W8,IBE7.PA,Euronext Paris,EUR
iSh iBD26 US Ac PR,IE000BWITBP9,26ID.PA,Euronext Paris,EUR
iSh iBD28 US Ac PR,IE0000UJ3480,28ID.PA,Euronext Paris,EUR
iSh iBds Dc25 $ Ac,IE0000X2DXK3,ID25.PA,Euronext Paris,EUR
ISH MSCI EXCHNA US,IE00BMG6Z448,MTPI.PA,Euronext Paris,EUR
ISH USA SWAP EUR,IE0002W8NB38,MUSA.PA,Euronext Paris,EUR
iSh Wld Swp PEA EU,IE0002XZSHO1,WPEA.PA,Euronext Paris,EUR
IVZ All World 3000,IE00B23LNQ02,PSRW.PA,Euronext Paris,EUR
IVZ EQQQ,IE0032077012,EQQQ.PA,Euronext Paris,EUR
IVZ EUR STOXX HDLV,IE00BZ4BMM98,EUHD.PA,Euronext Paris,EUR
IVZ EURMTS CASH 3M,IE00B3BPCH51,PEU.PA,Euronext Paris,EUR
IVZ FTSE EM HDLV,IE00BYYXBF44,EMHD.PA,Euronext Paris,EUR
IVZ FTSE RAFI EM,IE00B23D9570,PEH.PA,Euronext Paris,EUR
IVZ FTSE RAFI EURO,IE00B23D8X81,PEF.PA,Euronext Paris,EUR
IVZ FTSE RAFI US,IE00B23D8S39,PFT.PA,Euronext Paris,EUR
IVZ Gbl Buyback,IE00BLSNMW37,BUYB.PA,Euronext Paris,EUR
IVZ SP500 HDLV,IE00BWTN6Y99,HDLV.PA,Euronext Paris,EUR
IVZ SP500 QVM,IE00BDZCKK11,PQVM.PA,Euronext Paris,EUR
IVZ US HYFA,IE00BD0Q9673,HYFA.PA,Euronext Paris,EUR
LTCetc EUR,DE000A3GN5J9,ELTC.PA,Euronext Paris,EUR
LYXOR DIG ECO,LU2023678878,EBUY.PA,Euronext Paris,EUR
LYXOR DISRUP TECH,LU2023678282,UNIC.PA,Euronext Paris,EUR
LYXOR EMU GROWTH,LU1598688189,GWT.PA,Euronext Paris,EUR
LYXOR EMU VALUE,LU1598690169,VAL.PA,Euronext Paris,EUR
LYXOR ETF DJ GT50,FR0007075494,MGT.PA,Euronext Paris,EUR
LYXOR FUTUR MOB,LU2023679090,ELCR.PA,Euronext Paris,EUR
LYXOR GENDER EQUAL,LU1691909508,ELLE.PA,Euronext Paris,EUR
LYXOR MILLENNIALS,LU2023678449,MILL.PA,Euronext Paris,EUR
LYXOR SMART CITY,LU2023679256,IQCT.PA,Euronext Paris,EUR
LYXOR STX 600 AUTO,LU1834983394,AUT.PA,Euronext Paris,EUR
LYXOR STX 600 FIN,LU1834984798,FIN.PA,Euronext Paris,EUR
LYXOR STX 600 INDU,LU1834987890,IND.PA,Euronext Paris,EUR
LYXOR STX EU FO BE,LU1834985845,FOO.PA,Euronext Paris,EUR
LYXOR STX600 CHEMI,LU1834983634,CHM.PA,Euronext Paris,EUR
LYXOR STX600 CONMA,LU1834983808,CST.PA,Euronext Paris,EUR
LYXOR STX600 GOODS,LU1834988351,PHG.PA,Euronext Paris,EUR
LYXOR STX600 TRAVL,LU1834988781,TRV.PA,Euronext Paris,EUR
METAVRSE UCITS ETF,IE000KDY10O3,METR.PA,Euronext Paris,EUR
MSCI W Climate PA,IE000CL68Z69,PABW.PA,Euronext Paris,EUR
MSCI W ESG B CTB S,IE0001GSQ2O9,LWCR.PA,Euronext Paris,EUR
MULTI ETF BTP DDS,FR0011023621,BTPS.PA,Euronext Paris,EUR
MULTI ETF T B 10Y,FR0011607084,DSUS.PA,Euronext Paris,EUR
MULTI Hwabao Chin,FR0011720911,CNAA.PA,Euronext Paris,EUR
MULTI LIQU CORP LD,LU1407891602,COUK.PA,Euronext Paris,EUR
MULTI MSCI WdHEUR,FR0014003N93,WLDHC.PA,Euronext Paris,EUR
MULTI US-T 7-10Y,LU2338178481,U710H.PA,Euronext Paris,HKD
MULTI UST 1-3Y,LU1407887162,US13.PA,Euronext Paris,EUR
MULTI UST 3-7Y,LU1407888996,US37.PA,Euronext Paris,EUR
MULTI USTreas 1-3Y,LU2338178218,U13HK.PA,Euronext Paris,HKD
NATO UCITS ETF,IE000OJ5TQP4,NATO.PA,Euronext Paris,EUR
Os BLM (EUR),LU1847674733,OP2E.PA,Euronext Paris,EUR
Os BLM ASIA P(EUR),LU2491210618,OP6E.PA,Euronext Paris,EUR
Os Blm CA (EUR),IE0006QX3Y11,OP8E.PA,Euronext Paris,EUR
Os BLM EX (EUR),LU1655103486,OP4E.PA,Euronext Paris,EUR
Os BLM JAP (Eur),LU1655103643,OP5E.PA,Euronext Paris,EUR
Os BLM JAP (HDG),LU1655103726,OP5H.PA,Euronext Paris,EUR
Os Blm US (Eur),IE000IIED424,OP7E.PA,Euronext Paris,EUR
Os Blm US (HGD),IE000JCGTOP1,OP7H.PA,Euronext Paris,EUR
OSSIAM 5OGE ETF,LU2555926455,5OGE.PA,Euronext Paris,EUR
OSSIAM 5OGU ETF,LU2555926372,5OGU.PA,Euronext Paris,USD
OSSIAM ETF CAPE EU,LU1079842321,CAPE.PA,Euronext Paris,EUR
OSSIAM ETF CAPE US,LU1079841273,CAPU.PA,Euronext Paris,EUR
OSSIAM EURP EQUI W,LU0599613147,S6EW.PA,Euronext Paris,EUR
PROCURE-SPACEUCITS,IE00BLH3CV30,YODA.PA,Euronext Paris,EUR
SPDR 0-3 EUR CORP,IE00BC7GZW19,SEUC.PA,Euronext Paris,EUR
SPDR 1-3 EUR GOV,IE00B6YX5F63,GOVS.PA,Euronext Paris,EUR
SPDR 500 LOW VOL,IE00B802KR88,LOWV.PA,Euronext Paris,EUR
SPDR ACWI,IE00B44Z5B48,ACWE.PA,Euronext Paris,EUR
SPDR ACWI IMI,IE00B3YLTY66,IMIE.PA,Euronext Paris,EUR
SPDR EM Asia,IE00B466KX20,EMAE.PA,Euronext Paris,EUR
SPDR EMD LOCAL,IE00B4613386,EMLD.PA,Euronext Paris,EUR
SPDR Emerging,IE00B469F816,EMRG.PA,Euronext Paris,EUR
SPDR ER HIGH YIELD,IE00B6YX5M31,JNKE.PA,Euronext Paris,EUR
SPDR EU SM.CAP,IE00BKWQ0M75,SMC.PA,Euronext Paris,EUR
SPDR EUR DIV ARIST,IE00B5M1WJ87,EUDV.PA,Euronext Paris,EUR
SPDR Euro Agg,IE00B41RYL63,EAGG.PA,Euronext Paris,EUR
SPDR Euro Corp,IE00B3T9LM79,EUCO.PA,Euronext Paris,EUR
SPDR EURO LV,IE00BFTWP510,ELOW.PA,Euronext Paris,EUR
SPDR MSCI CO.DI,IE00BKWQ0C77,STR.PA,Euronext Paris,EUR
SPDR MSCI CO.ST,IE00BKWQ0D84,STS.PA,Euronext Paris,EUR
SPDR MSCI COMM,IE00BKWQ0N82,STT.PA,Euronext Paris,EUR
SPDR MSCI EMU,IE00B910VR50,EMUE.PA,Euronext Paris,EUR
SPDR MSCI ENERGY,IE00BKWQ0F09,STN.PA,Euronext Paris,EUR
SPDR MSCI EUROPE,IE00BKWQ0Q14,ERO.PA,Euronext Paris,EUR
SPDR MSCI FINANC,IE00BKWQ0G16,STZ.PA,Euronext Paris,EUR
SPDR MSCI HLT,IE00BKWQ0H23,STW.PA,Euronext Paris,EUR
SPDR MSCI INDUST,IE00BKWQ0J47,STQ.PA,Euronext Paris,EUR
SPDR MSCI JapanETF,IE00BZ0G8B96,JPJY.PA,Euronext Paris,JPY
SPDR MSCI MAT,IE00BKWQ0L68,STP.PA,Euronext Paris,EUR
SPDR MSCI TECHNO,IE00BKWQ0K51,STK.PA,Euronext Paris,EUR
SPDR MSCI UTIL,IE00BKWQ0P07,STU.PA,Euronext Paris,EUR
SPDR RUSSELL 2K,IE00BJ38QD84,R2US.PA,Euronext Paris,EUR
SPDR S&P 400 MID,IE00B4YBJ215,SPY4.PA,Euronext Paris,EUR
SPDR S&P 500,IE00B6YX5C33,SPY5.PA,Euronext Paris,EUR
SPDR US Treasury,IE00B44CND37,TSYE.PA,Euronext Paris,EUR
US GLOBAL JETS,IE00BN76Y761,JETZ.PA,Euronext Paris,EUR
Vanguard ESG GCDIS,IE00BNDS1Q47,V3GE.AS,Euronext Amsterdam- Paris,EUR
Vanguard ESGDAACC,IE000GOJO2A3,V3PA.AS,Euronext Amsterdam- Paris,EUR
Vanguard ESGDADIS,IE0008T6IUX0,V3PL.AS,Euronext Amsterdam- Paris,EUR
Vanguard ESGDEACC,IE000QUOSE01,V3EA.AS,Euronext Amsterdam- Paris,EUR
Vanguard ESGDEDIS,IE000NRGX9M3,V3EL.AS,Euronext Amsterdam- Paris,EUR
Vanguard ESGECBACC,IE000QADMYA3,V3RE.AS,Euronext Amsterdam- Paris,EUR
Vanguard ESGECBDIS,IE000F37PGZ3,V3RF.AS,Euronext Amsterdam- Paris,EUR
Vanguard ESGEMACC,IE000KPJJWM6,V3MA.AS,Euronext Amsterdam- Paris,EUR
Vanguard ESGEMDIS,IE0001VXZTV7,V3ML.AS,Euronext Amsterdam- Paris,EUR
Vanguard ESGGAACC,IE00BNG8L278,V3AA.AS,Euronext Amsterdam- Paris,EUR
Vanguard ESGGADIS,IE00BNG8L385,V3AL.AS,Euronext Amsterdam- Paris,EUR
Vanguard ESGNAACC,IE000O58J820,V3NA.AS,Euronext Amsterdam- Paris,EUR
Vanguard ESGNADIS,IE000L2ZNB07,V3NL.AS,Euronext Amsterdam- Paris,EUR
Vanguard ESGUCBACC,IE000EKJRSZ3,V3SE.AS,Euronext Amsterdam- Paris,EUR
Vanguard ESGUCBDIS,IE000RO1O3N4,V3SU.AS,Euronext Amsterdam- Paris,EUR
Vanguard ESGUCBDIS,IE000JQV8511,V3SD.AS,Euronext Amsterdam- Paris,EUR
VANGUARD EURCORPBD,IE00BZ163G84,VECP.AS,Euronext Amsterdam- Paris,EUR
VANGUARD EURGVBD,IE00BZ163H91,VETY.AS,Euronext Amsterdam- Paris,EUR
VANGUARD FTSE DE,IE00BKX55S42,VERX.AS,Euronext Amsterdam- Paris,EUR
VANGUARD FTSE DW,IE00BKX55T58,VEVE.AS,Euronext Amsterdam- Paris,EUR
VANGUARD FTSE EM,IE00B3VVMM84,VFEM.AS,Euronext Amsterdam- Paris,EUR
VANGUARD FTSE JPN,IE00B95PGT31,VJPN.AS,Euronext Amsterdam- Paris,EUR
VANGUARD USDCORPBD,IE00BZ163K21,VUCP.AS,Euronext Amsterdam- Paris,EUR
VANGUARD USDEMGVBN,IE00BZ163L38,VEMT.AS,Euronext Amsterdam- Paris,EUR
VANGUARD USDTRBOND,IE00BZ163M45,VUTY.AS,Euronext Amsterdam- Paris,EUR
VE Bitcoin,DE000A28M8D0,VBTC.PA,Euronext Paris,EUR
VE Ethereum,DE000A3GPSP7,VETH.PA,Euronext Paris,EUR
VE Polkadot,DE000A3GSUC5,VDOT.PA,Euronext Paris,EUR
VE Solana,DE000A3GSUD3,VSOL.PA,Euronext Paris,EUR
VE TRON,DE000A3GSUE1,VTRX.PA,Euronext Paris,EUR
WisdomTree Bitcoin,GB00BJYDH287,WBTC.PA,Euronext Paris,EUR
WT AI - USD Acc,IE00BDVPNG13,WTAI.PA,Euronext Paris,EUR
WT Battery-USD Acc,IE00BKLF1R75,VOLT.PA,Euronext Paris,EUR
WT Brent Crude Oil,JE00B78CGV99,BRNT.PA,Euronext Paris,EUR
WT CAC 40 3x DL,XS2637077020,3CAC.PA,Euronext Paris,EUR
WT CAC 40 3x DS,XS2637077533,3CAS.PA,Euronext Paris,EUR
WT Cloud - USD Acc,IE00BJGWQN72,WCLD.PA,Euronext Paris,EUR
WT Core Phys Gold,JE00BN2CJ301,WGLD.PA,Euronext Paris,EUR
WT Cyb-USD Acc,IE00BLPK3577,WCBR.PA,Euronext Paris,EUR
WT EZ QDG-EUR Acc,IE00BZ56TQ67,EGRA.PA,Euronext Paris,EUR
WT Gl QDG-USD INST,IE00030Y2P41,GGRI.PA,Euronext Paris,EUR
