I,TickerYahoo,Isin,Name,Company
I,02P.DE,DE000A0AFGF3,PEARL GOLD AG,Xetra
I,0NF.DE,CA64157D1087,NEW AGE FARM INC.,Xetra
I,0UB.DE,CH0244767585,UBS GROUP AG SF -.10,Xetra
I,17E.DE,EE3100006040,PRO KAPITAL GRUPP EO 0.20,Xetra
I,1AF.DE,CA00830Q1081,AFFINOR GROWERS INC.,Xetra
I,1AG.DE,CA0102931080,ALABAMA GRAPHITE CORP.,Xetra
I,1CB.DE,AU000000CDB1,CONDOR BLANCO MINES LTD,Xetra
I,1COV.DE,DE0006062144,Covestro AG,Xetra
I,1FC.DE,AT00000FACC2,FACC AG INH.AKT.,Xetra
I,1MR.DE,CA0203981034,ALMONTY INDUSTRIES INC.,Xetra
I,1NBA.DE,BE0974293251,ANHEUSER-BUSCH INBEV,Xetra
I,1PL.DE,DE000PLD5558,POWERLAND AG,Xetra
I,1Q7.DE,CH0404880129,ASMALLWORLD AG SF 1,Xetra
I,1T2.DE,AT0000A25W06,VST BUILDING TECHS AG,Xetra
I,2GB.DE,DE000A0HL8N9,2G ENERGY AG,Xetra
I,2HRA.DE,DE000A2E4T77,H+R KGAA INH. O.N.,Xetra
I,2IF.DE,JE00B3WJHK45,INFORMA PLC LS -.001,Xetra
I,2QU.DE,DE000A2BPNB1,ONOFF AG INH O.N.,Xetra
I,2U3.DE,CH0432492467,ALCON AG NAM. SF -.04,Xetra
I,333.DE,DE000A1YDDM9,DECHENG TECHNOLOGY AG,Xetra
I,36P.DE,KYG7091M1096,PHOENIX GRP HLDG.EO-.0001,Xetra
I,3BG.DE,CH0033361673,U-BLOX HOLDING NAM.SF-.90,Xetra
I,3P7.DE,DK0060252690,PANDORA A/S DK 1,Xetra
I,3VZ1.DE,CH0126286316,FILMCONFECT AG,Xetra
I,4BRZ.DE,DE000A0Q4R85,ISH.MSCI.BRAZIL U.ETF DE,Xetra
I,4BSB.DE,DE000A2YN801,4BASEBIO AG NA O.N.,Xetra
I,4DS.DE,DE0007830572,DALDRUP & SOEHNE AG,Xetra
I,4SM.DE,NO0010187032,SEVAN MARINE ASA NK 4,Xetra
I,4WM.DE,CH0039402646,WORLD MARKETS AG,Xetra
I,4XT.DE,CA98421R1055,XPHYTO THERAPEUTICS,Xetra
I,5AB.DE,DE000A0M6M79,ASIAN BAMBOO AG,Xetra
I,5PS.DE,CY0100470919,PROSAFE SE EO-.25,Xetra
I,5WP.DE,CA92935A2039,WPC RESOURCES INC.,Xetra
I,690D.DE,CNE1000031C1,QINGDAO HAIER CO. D YC 1,Xetra
I,7KT.DE,DE000A0DN1J4,KTG AGRAR AG,Xetra
I,8GC.DE,JE00B4T3BW64,GLENCORE PLC DL -.01,Xetra
I,8GS.DE,DE000A1EL8Y8,CHINA SPECIALTY GLASS AG,Xetra
I,8S9.DE,DE000A1PHEL8,SNOWBIRD AG,Xetra
I,8TRA.DE,DE000TRAT0N7,TRATON SE INH O.N.,Xetra
I,93M.DE,DE000A0L1H32,MPH MITT.PHARMA HLDG,Xetra
I,99SC.DE,DE000A1K03W5,SOC.COMM.GRP SE O.N.,Xetra
I,9TS.DE,DE000A2PXQD4,TUBESOLAR AG INH O.N.,Xetra
I,9VD.DE,CA92258K1012,VELOCITY DATA INC.,Xetra
I,A1OS.DE,DE0005110001,ALL FOR ONE STEEB AG,Xetra
I,A4Y.DE,DE000A0KFKB3,ACCENTRO R.EST.AG O.N.,Xetra
I,A6T.DE,DE0005209589,ARTEC TECHNOLOGIES AG,Xetra
I,A7A.DE,DE0001218063,ALTIRA AG,Xetra
I,A8A.DE,DE000A0B9N37,ARAGON AG,Xetra
I,A8B.DE,KYG037AX1015,AMBARELLA INC.,Xetra
I,AA9.DE,SE0000695876,ALFA LAVAL AB SK 2.5,Xetra
I,AAD.DE,DE0005093108,AMADEUS FIRE AG,Xetra
I,AAG.DE,DE000A2DAM03,Aumann AG,Xetra
I,AAGN.DE,DE0005155030,INTEGRALIS AG,Xetra
I,AAQ.DE,DE0005066609,AAP IMPLANTATE AG,Xetra
I,AB9.DE,DE0005760029,ABO WIND AG O.N.,Xetra
I,ABA.DE,DE0006209901,ALBA SE O.N.,Xetra
I,ABJ.DE,CH0012221716,ABB LTD,Xetra
I,ABR.DE,CA0679011084,BARRICK GOLD CORP,Xetra
I,ABS2.DE,AT0000609607,PORR AG,Xetra
I,ACOA.DE,SE0000101032,ATLAS COPCO A FREE,Xetra
I,ACOB.DE,SE0000122467,ATLAS COPCO B FREE,Xetra
I,ACT.DE,DE000A2YNT30,ACTELION LTD,Xetra
I,ACWN.DE,DE000A1TNNN5,A.S.CREATION TAPETEN NA,Xetra
I,ACX.DE,DE000A0DNAY5,BET-AT-HOME.COM AG,Xetra
I,AD1.DE,DE000A161440,Auden AG,Xetra
I,ADD.DE,DE000A1H8MU2,ADLER MODEMAERKTE AG,Xetra
I,ADE.DE,DE000A1TNV91,Bitcoin Group SE,Xetra
I,ADI1.DE,CH0012138605,ADECCO SA,Xetra
I,ADL.DE,DE0005008007,ADLER REAL ESTATE AG,Xetra
I,ADN1.DE,DE000A0Z23Q5,ADESSO AG,Xetra
I,ADS.DE,DE000A1EWWW0,ADIDAS AG,Xetra
I,ADV.DE,DE0005103006,ADVA AG OPTICAL NETWORKING,Xetra
I,AEI.DE,DE0005086300,ALLGEIER HOLDING AG,Xetra
I,AEIA.DE,DE000A2YNUT5,ALLGEIER SE O.N. JGE,Xetra
I,AEIN.DE,DE000A2GS633,ALLGEIER SE NA O.N.,Xetra
I,AFX.DE,DE0005313704,CARL ZEISS MEDITEC AG,Xetra
I,AGB2.DE,AT000AGRANA3,AGRANA BET.AG INH.,Xetra
I,AGE.DE,BE0003755692,AGFA-GEVAERT NV,Xetra
I,AHG1.DE,CA74624B2057,PURE ENERGY MINLS,Xetra
I,AIXA.DE,DE000A0WMPJ6,AIXTRON SE NA,Xetra
I,AIXB.DE,DE000A254229,AIXTRON SE ADR REG.-SHS 1,Xetra
I,AIXN.DE,DE000A2TSNX1,AIXTRON SE NA O.N. NEUE,Xetra
I,AJ91.DE,DE000A1A6WE6,DOCCHECK AG,Xetra
I,ALG.DE,DE0006569403,ALBIS LEASING AG,Xetra
I,ALV.DE,DE0008404005,ALLIANZ SE,Xetra
I,ALVN.DE,DE000A3H23N4,ALLIANZ SE NA O.N. NEUE,Xetra
I,ALZB.DE,SE0000255648,ASSA-ABLOY AB B SK 1,Xetra
I,AM3D.DE,DE000A111338,SLM SOLUTIONS GRP AG,Xetra
I,AM8.DE,AT00000AMAG3,AMAG AUSTRIA METALL INH.,Xetra
I,AMMN.DE,DE000A2GSVV5,GROUNDS R.EST. NA O.N.,Xetra
I,ANGA.DE,CH0110240600,ARBONIA AG NA.SF4.20,Xetra
I,ANN.DE,DE000A1ML7J1,Inccorect please use VNA.DE,Xetra
I,ANO.DE,DE0007788408,ALNO AG,Xetra
I,AOF.DE,DE0005104400,ATOSS SOFTWARE AG,Xetra
I,AOX.DE,DE000A0LD2U1,ALSTRIA OFFICE REIT-AG,Xetra
I,APE.DE,CH0029850754,ADDEX THERAPEUTICS SF 1,Xetra
I,AR4.DE,DE000A0JK2A8,AURELIUS AG,Xetra
I,ARL.DE,DE0005408116,AAREAL BANK AG,Xetra
I,ARO.DE,DE0006275001,ARCANDOR AG,Xetra
I,ART.DE,DE000A1K0375,ARTNET AG,Xetra
I,ASKN.DE,DE000A2E3707,ASKNET SOLUT.AG NA O.N.,Xetra
I,ASL.DE,DE000A2JNWZ9,AKASOL AG INH. O.N.,Xetra
I,ATF.DE,DE0005487953,ALPHAFORM AG,Xetra
I,AU2.DE,DE000A2BPL90,AGRARIUS AG,Xetra
I,AUS.DE,AT0000969985,AUSTRIA TECHNOLOGIE & SYSTEMTECHNIK AG,Xetra
I,AV7.DE,DE0005088900,AVW IMMOBILIEN AG,Xetra
I,AVES.DE,DE000A168114,AVES ONE AG O.N.,Xetra
I,AZ2.DE,AT0000730007,ANDRITZ AG,Xetra
I,B4B.DE,DE000BFB0019,METRO AG ST O.N.,Xetra
I,B4B3.DE,DE000BFB0027,METRO AG VZO O.N.,Xetra
I,B5A.DE,DE0005168108,BAUER AG,Xetra
I,B5SK.DE,DE000A1YDEE4,BERLINER SYNCHRON AG O.N.,Xetra
I,B7E.DE,DE000A0JM2M1,BLUE CAP AG,Xetra
I,B7GN.DE,BMG9457E2002,GOLD BAR D.+CO.NEWDL-0001,Xetra
I,B7J.DE,FI0009015309,SRV YHTIOET OYJ,Xetra
I,B8A.DE,DE0002605557,BAVARIA INDUSTRIEKAPITAL AG,Xetra
I,B8F.DE,DE0006046113,BIOFRONTERA AG,Xetra
I,BAS.DE,DE000BASF111,BASF SE,Xetra
I,BAT.DE,PTBES0AM0007,BES SA PORT.NOM.+P.REG.,Xetra
I,BAYN.DE,DE000BAY0017,BAYER AG,Xetra
I,BBDB.DE,CA0977512007,BOMBARDIER INC,Xetra
I,BBZA.DE,CH0038389992,BBBIOTECHAG,Xetra
I,BC8.DE,DE0005158703,BECHTLE AG,Xetra
I,BCK.DE,MT0000580101,SOLIDARE REAL E.H.PLC EO1,Xetra
I,BCLN.DE,CH0009002962,BARRY CALLEBAUT AG,Xetra
I,BDT.DE,DE0005232805,BERTRANDT AG,Xetra
I,BEI.DE,DE0005200000,BEIERSDORF AG,Xetra
I,BEON.DE,AT0000A0ZHT2,BEKO HLDG AG NAM.,Xetra
I,BEZ.DE,DE0005201602,BERENTZEN-GRP.AG,Xetra
I,BEZ3.DE,DE0005201636,BERENTZEN-GRUPPE AG,Xetra
I,BGX.DE,BG9000011163,EXPAT BUL.SOFIX UCITS ETF,Xetra
I,BHP1.DE,AU000000BHP4,BHP BILLITON DL -.50,Xetra
I,BIJ.DE,DE0005229504,BIJOU BRIGITTE AG,Xetra
I,BIO.DE,DE0005227201,BIOTEST AG,Xetra
I,BIO3.DE,DE0005227235,BIOTEST AG,Xetra
I,BIW.DE,DE0005227342,KWG KOMMUNALE WOHNEN AG,Xetra
I,BK8N.DE,BE0974258874,BEKAERT P.S.,Xetra
I,BKHT.DE,DE000A2GSU42,BROCKHAUS CAPITAL MGMT ON,Xetra
I,BKN.DE,CA0641491075,BK NOVA SCOTIA,Xetra
I,BLON.DE,CH0012410517,BALOISE HOLDING AG,Xetra
I,BMM.DE,DE0005275507,BRUEDER MANNESMANN,Xetra
I,BMW.DE,DE0005190003,Bayerische Motoren Werke AG,Xetra
I,BMW3.DE,DE0005190037,BAYERISCHE MOTOREN WERKE AG,Xetra
I,BNN.DE,DE0005203947,B.R.A.I.N. Biotechnology AG,Xetra
I,BNR.DE,DE000A1DAHH0,BRENNTAG AG,Xetra
I,BNT1.DE,DE000A0V9L94,EYEMAXX REAL ESTATE AG,Xetra
I,BOSS.DE,DE000A1PHFF7,Hugo Boss AG,Xetra
I,BPI.DE,PTBPI0AM0004,BCO BPI NOM.+PORT.REG.,Xetra
I,BRB.DE,BMG1120X1039,BIOMAX RUBB.INDUST.EO-001,Xetra
I,BSL.DE,DE0005102008,BASLER AG,Xetra
I,BST.DE,DE000A1X3YY0,BASTEI LUEBBE AG O.N.,Xetra
I,BTBB.DE,DE000A2E3772,SLEEPZ AG INH. O.N.,Xetra
I,BVB.DE,DE0005493092,BORUSSIA DORTMUND GMBH & CO KGAA,Xetra
I,BW6.DE,NZBWME0001S2,BANCORP WEALTH MANAGM.NZ,Xetra
I,BWB.DE,DE0005088108,BAADER BANK AG,Xetra
I,BWJ.DE,SE0000869646,BOLIDEN AB SK 2,Xetra
I,BWO.DE,AT00BUWOG001,BUWOG AG,Xetra
I,BWQ.DE,DE000A0M93V6,ADV.BLOCKCHAIN AG INH ON,Xetra
I,BX7.DE,BE0003810273,BELGACOM SA,Xetra
I,BY6.DE,CNE100000296,BYD CO. LTD H YC 1,Xetra
I,BYW.DE,DE0005194005,BAYWA AG,Xetra
I,BYW6.DE,DE0005194062,BAYWA AG,Xetra
I,BZ6.DE,AT000KAPSCH9,KAPSCH TRAFFICCOM AG,Xetra
I,BZX.DE,BMG196F11004,CATLIN GROUP LTD DL-.01,Xetra
I,BZY.DE,AT0000641352,CA IMMOB.ANL.,Xetra
I,C1V.DE,DE0006204589,MVISE AG,Xetra
I,C2Z.DE,CA14146A1030,CARDIFF ENERGY CORP.,Xetra
I,C3H1.DE,CA43004Y1016,HIGHLAND COPPER CO.,Xetra
I,C8I.DE,AT0000613005,C-QUADRAT INVESTMENT AG,Xetra
I,C8V.DE,GI000A0F6407,888 HOLDINGS PLC LS-.005,Xetra
I,CAG.DE,DE000A2AA402,CLEREAG,Xetra
I,CAP.DE,DE0006095003,ENCAVIS AG INH. O.N.,Xetra
I,CAPN.DE,DE000A2TSVX4,CAPITAL STAGE AG NEUE,Xetra
I,CB7.DE,DE000A12UKD1,SOLVESTA AG,Xetra
I,CBA.DE,BMG1368B1028,BRILL. CHINA AUT. DL-.01,Xetra
I,CBGB.DE,DK0010181759,CARLSBERG A/S NAM. B DK20,Xetra
I,CBHD.DE,DK0060448595,COLOPLAST NAM. B DK 1,Xetra
I,CBK.DE,DE000CBK1001,COMMERZBANK AG,Xetra
I,CC1.DE,DE000A2DA414,CONSUS COMM.PTY AG NA ON,Xetra
I,CE2.DE,DE000A0LAUP1,CROPENERGIES AG,Xetra
I,CEA.DE,DE0006201106,FRIWO AG,Xetra
I,CEC.DE,DE0007257503,CECONOMY ST,Xetra
I,CEC1.DE,DE0007257537,CECONOMY VZO,Xetra
I,CEK.DE,DE0005407407,CEOTRONICS AG O.N.,Xetra
I,CEV.DE,DE0005407506,CENTROTEC SUSTAINABLE AG,Xetra
I,CEW3.DE,DE000A0JCY37,HPI AG,Xetra
I,CFC.DE,DE000A0LBKW6,CFC INDUSTRIEBETEILIGUNGEN GMBH & CO KGAA,Xetra
I,CHL.DE,CNE1000002L3,CHINA LIFE INS. H YC 1,Xetra
I,CJ5A.DE,CA39945C1095,CGI GROUP INC. A SV,Xetra
I,CLIQ.DE,DE000A0HHJR3,CLIQ DIGITAL AG O.N.,Xetra
I,CLRN.DE,CH0012142631,CLARIANT AG,Xetra
I,CLS1.DE,DE000CLS1001,CELESIO AG,Xetra
I,CLTV.DE,BMG2294C1073,CLEAR TV DL -.0001,Xetra
I,CM3.DE,AU000000CM85,CROWD MOBILE,Xetra
I,CNTA.DE,AT0000499900,CENTURY CASINOS AC,Xetra
I,CNWJ.DE,DE000A289AA9,CO.DON AG INH. O.N. JGE,Xetra
I,CNWK.DE,DE000A1K0227,CO.DON AG,Xetra
I,COK.DE,DE0005419105,CANCOM AG,Xetra
I,COM.DE,DE0005428007,COMDIRECT BANK AG,Xetra
I,CON.DE,DE0005439004,CONTINENTAL AG,Xetra
I,COP.DE,DE000A288904,COMPUGROUP MEDICAL AG,Xetra
I,COR.DE,AT0000697750,CONWERT IMMOBILIEN INVEST,Xetra
I,CORE.DE,DE000A0B9VV6,COREO AG O.N.,Xetra
I,CPV.DE,PTCPR0AM0003,CIMPOR SGPS NAM. EO 1,Xetra
I,CPX.DE,DE000A2G9M17,CAPSENSIXX AG INH O.N.,Xetra
I,CRA1.DE,AU000000RIO1,RIO TINTO LTD,Xetra
I,CRZK.DE,DE000A2GS625,CR CAPITAL R.EST. KONV.,Xetra
I,CSH.DE,DE0005407100,CENIT AG,Xetra
I,CSQ.DE,DE000A2LQUA5,CREDITSHELF AG IA O.N.,Xetra
I,CSX.DE,CH0012138530,CREDIT SUISSE GROUP AG,Xetra
I,CT71.DE,DE000A0LD6V0,CONET TECHNOLOGIE AG,Xetra
I,CTM.DE,HK0941009539,CHINA MOBILE LTD.,Xetra
I,CU1.DE,DE000A12UL56,CHORUS CLEAN ENERGY AG,Xetra
I,CURK.DE,DE000A2YPGM4,CURASAN AG KONV.,Xetra
I,CVC1.DE,PA1436583006,CARNIVAL PAIRED CTF,Xetra
I,CVLA.DE,BRVALEACNPA3,VALE S.A. PFD A,Xetra
I,CVLC.DE,BRVALEACNOR0,VALE S.A.,Xetra
I,CWC.DE,DE0005403901,CEWE COLOR HOLDING AG,Xetra
I,CWW.DE,AU000000CBA7,COMMONW.BK AUSTR.,Xetra
I,CY2.DE,CA1363751027,CANADIAN NATL RAILWAY CO.,Xetra
I,CYR.DE,DE000A2E4SV8,CYAN AG O.N.,Xetra
I,CZX.DE,BGCZPX003174,EXPAT CZECH PX UCITS ETF,Xetra
I,D2B.DE,DE0006208333,DESIGN BAU AG,Xetra
I,D69.DE,DK0060083210,DAMPSKIBSS. NORDEN DK 1,Xetra
I,D6H.DE,DE000A0JC8S7,DATAGROUP AG,Xetra
I,D6RP.DE,DE000ETFL581,DEKA MSCI WORLD C.CH.ESG,Xetra
I,D6RQ.DE,DE000ETFL573,DEKA MSCI USA CLI.CH.ESG,Xetra
I,D6RR.DE,DE000ETFL565,DEKA MSCI EUROP.C.CH.ESG,Xetra
I,D6RS.DE,DE000ETFL557,DEKA MSCI EMU CLI.CH.ESG,Xetra
I,D6RT.DE,DE000ETFL540,DEKA MSCI GERM.CL.CH.ESG,Xetra
I,DAI.DE,DE0007100000,DAIMLER AG,Xetra
I,DAM.DE,DE0005498901,DATA MODUL AG,Xetra
I,DAR.DE,DE000A0V9LA7,DATRON AG,Xetra
I,DB1.DE,DE0005810055,DEUTSCHE BOERSE AG,Xetra
I,DBAN.DE,DE000A1TNUT7,DT.BETEILIG.AG NA O.N.,Xetra
I,DBI.DE,DE000A0Z25L1,DT.BIOTECH INNOV.AG O.N.,Xetra
I,DBK.DE,DE0005140008,DEUTSCHE BANK AG,Xetra
I,DE1.DE,DE000A1R1EE6,DEUFOL SE NA O.N.,Xetra
I,DEF.DE,DE000A13SUL5,DEFAMA AG,Xetra
I,DEQ.DE,DE0007480204,DEUTSCHE EUROSHOP AG,Xetra
I,DEX.DE,DE0005146807,DELTICOM AG,Xetra
I,DEZ.DE,DE0006305006,DEUTZ AG,Xetra
I,DFT.DE,DE000A14KN88,DF DT.FORFAIT AG NA,Xetra
I,DFTK.DE,DE000A2AA204,DF DT.FORFAIT AG NA O.N.,Xetra
I,DFV.DE,DE000A2NBVD5,DFV DT.FAMIL.VERS. O.N.,Xetra
I,DGR.DE,DE0005533400,DEUTSCHE GRUNDSTUECKSAUKTIONEN AG,Xetra
I,DHER.DE,DE000A2E4K43,DELIVERY HERO AG NA O.N.,Xetra
I,DHZ.DE,BE0003562700,DELHAIZE GRP P.S.,Xetra
I,DIC.DE,DE000A1X3XX4,DIC ASSET AG NA,Xetra
I,DIE.DE,DE0005580005,DIERIG HOLDING AG O.N.,Xetra
I,DIS.DE,DE0005538607,DISKUSWERKE FRANKFURT AG,Xetra
I,DKG.DE,DE000A14KRD3,Deutsche Konsum Reit-AG,Xetra
I,DLX.DE,DE000A0MZ4B0,DELIGNIT AG,Xetra
I,DMP.DE,DE000A2GS5D8,DERMAPHARM HLDG INH O.N.,Xetra
I,DMRE.DE,DE000A0XFSF0,DEMIRE DT.MTS.RE AG,Xetra
I,DNQ.DE,NO0010096985,STATOIL ASA NK 2.50,Xetra
I,DOQ.DE,AT0000818802,DO + CO AG,Xetra
I,DP4B.DE,DK0010244508,A.P.MOELL.-M.NAM B DK1000,Xetra
I,DPB.DE,DE0008001009,DEUTSCHE POSTBANK AG,Xetra
I,DPW.DE,DE0005552004,DEUTSCHE POST AG,Xetra
I,DPWN.DE,DE000A3H2317,DEUTSCHE POST AG NEUE NA,Xetra
I,DQW1.DE,AT0000A18XM4,AMS AG,Xetra
I,DR0.DE,DE000A0XYG76,DEUTSCHE ROHSTOFF AG,Xetra
I,DRI.DE,DE0005545503,DRILLISCH AG,Xetra
I,DRJ.DE,DE000A2GSWR1,DE RAJ GROUP AG INH O.N.,Xetra
I,DRN.DE,DE0005072300,DAB BANK AG,Xetra
I,DRW3.DE,DE0005550636,DRAEGERWERK AG & CO KGAA,Xetra
I,DRW8.DE,DE0005550602,DRAEGERWERK AG & CO KGAA,Xetra
I,DS81.DE,DK0060079531,DSV AS BONUS-AKT.,Xetra
I,DSN.DE,DK0010274414,DANSKE BK NAM. DK 10,Xetra
I,DTD2.DE,DE0001262152,B+S BANKSYSTEME AG,Xetra
I,DTE.DE,DE0005557508,DEUTSCHE TELEKOM AG,Xetra
I,DUE.DE,DE0005565204,DUERR AG,Xetra
I,DWNI.DE,DE000A0HN5C6,DEUTSCHE WOHNEN AG,Xetra
I,DWS.DE,DE000DWS1007,DWS GROUP GMBH+CO.KGAA ON,Xetra
I,DXB.DE,BE0003796134,DEXIA SA,Xetra
I,E4C.DE,DE0005854343,ECOTEL COMMUNICATION AG,Xetra
I,E4U.DE,CA29410K1084,ENWAVE CORPORATION,Xetra
I,E8X.DE,DE000A0KFKH0,ELEXXION AG,Xetra
I,E901.DE,DE000ETF9017,COMSTAGE 1-DAX UCIT.ETF I,Xetra
I,E903.DE,DE000ETF9033,COMSTAGE 1-DIVDAX U.ETF I,Xetra
I,E905.DE,DE000ETF9058,COMSTAGE 1-SDAX UCI.ETF I,Xetra
I,E907.DE,DE000ETF9074,COMSTAGE 1-MDAX UCI.ETF I,Xetra
I,E908.DE,DE000ETF9082,COMSTAGE 1-TECDAX U.ETF I,Xetra
I,E909.DE,DE000ETF9090,LYXOR 1-LY.1 DAX 50 ESG I,Xetra
I,E950.DE,DE000ETF9504,COMSTAGE 1-EO ST.50 U.E.I,Xetra
I,E960.DE,DE000ETF9603,COMSTAGE 1-ST.E.600 U.E.I,Xetra
I,EAD.DE,DE0001644565,EUROPEAN AERONAUTIC DEFENCE AND SPACE CO NV,Xetra
I,EBE.DE,DE000A2G8XP9,AIFINYO AG INH O.N.,Xetra
I,EBK.DE,DE0005220008,ENBW ENERGIE BADEN-WUERTTEMBERG AG,Xetra
I,EBO.DE,AT0000652011,ERSTE GROUP BANK AG,Xetra
I,ECF.DE,DE000A12UK08,ECOMMERCE ALLIANCE AG,Xetra
I,ECK.DE,DE0005199905,LUDWIG BECK AM RATHAUSECK,Xetra
I,ECV.DE,DE0006095003,ENCAVIS AG INH. O.N.,Xetra
I,ECX.DE,DE000A3H2184,EPIGENOMICS AG,Xetra
I,ED4.DE,CH0303692047,EDAG ENGINEERING G.SF-.04,Xetra
I,EDGA.DE,ZAE000018123,GOLD FIELDS LTD RC-.50,Xetra
I,EDL.DE,DE0005649503,EDEL AG,Xetra
I,EDP.DE,PTEDP0AM0009,EDP-ENERGIAS PORTUG. EO 1,Xetra
I,EFC1.DE,BE0974256852,COLRUYT,Xetra
I,EFF.DE,DE0008041005,DEWB DEUTSCHE EFFECTEN- & WECHSEL-BETEILIGUNGSGESELLSCHAFT AG,Xetra
I,EFL.DE,CH0190891181,LEONTEQ AG SF 1,Xetra
I,EFQ2.DE,DE000ETFL425,ETFLAB DEUTSCHE BORSE EUROGOV FRANCE,Xetra
I,EFQ8.DE,DE000ETFL383,ETFLAB IBOXX EUR NON FIN,Xetra
I,EHL.DE,DE0005649107,EHLEBRACHT AG,Xetra
I,EIA.DE,FI0009007884,ELISA OYJ A O.N.,Xetra
I,EIN3.DE,DE0005654933,EINHELL GERMANY AG,Xetra
I,EJXB.DE,SE0000163628,ELEKTA AB B SK 2,Xetra
I,EKT.DE,DE0005313506,ENERGIEKONTOR O.N.,Xetra
I,EL40.DE,DE000ETFL342,ETFLAB MSCI EMERGING MARKETS,Xetra
I,EL41.DE,DE000ETFL276,ETFLAB MSCI USA MC,Xetra
I,EL42.DE,DE000ETFL284,ETFLAB MSCI EUROPE,Xetra
I,EL43.DE,DE000ETFL292,ETFLAB MSCI EUROPE MC,Xetra
I,EL44.DE,DE000ETFL300,ETFLAB MSCI JAPAN,Xetra
I,EL45.DE,DE000ETFL318,ETFLAB MSCI JAPAN MC,Xetra
I,EL46.DE,DE000ETFL326,ETFLAB MSCI CHINA,Xetra
I,EL48.DE,DE000ETFL359,ETFLAB IBOXX GERMANY COVERED,Xetra
I,EL49.DE,DE000ETFL375,ETFLAB IBOXX EUR CORPORATES,Xetra
I,EL4A.DE,DE000ETFL011,ETFLAB DAX,Xetra
I,EL4B.DE,DE000ETFL029,ETFLAB EURO STOXX 50,Xetra
I,EL4C.DE,DE000ETFL037,ETFLAB STOXX EUROPE ST GR 20,Xetra
I,EL4D.DE,DE000ETFL045,ETFLAB STOXX EUROPE ST VAL 20,Xetra
I,EL4E.DE,DE000ETFL052,ETFLAB STOXX EUROPE ST COMP 40,Xetra
I,EL4F.DE,DE000ETFL060,ETFLAB DAX AUSSCHUETTEND,Xetra
I,EL4G.DE,DE000ETFL078,ETFLAB EURO STOXX DVD 30,Xetra
I,EL4H.DE,DE000ETFL086,ETFLAB MSCI EUROPE LC,Xetra
I,EL4I.DE,DE000ETFL094,ETFLAB MSCI USA LC,Xetra
I,EL4J.DE,DE000ETFL102,ETFLAB MSCI JAPAN LC,Xetra
I,EL4K.DE,DE000ETFL110,ETFLAB IBOXX EUR SOV DIV 1-10,Xetra
I,EL4L.DE,DE000ETFL128,ETFLAB IBOXX = LIQUID SOVEREIGN DIVERSIFIED 1-3,Xetra
I,EL4M.DE,DE000ETFL136,ETFLAB IBOXX = LIQUID SOVEREIGN DIVERSIFIED 3-5,Xetra
I,EL4N.DE,DE000ETFL144,ETFLAB IBOXX = LIQUID SOVEREIGN DIVERSIFIED 5-7,Xetra
I,EL4P.DE,DE000ETFL151,ETFLAB IBOXX EUR SOV DIV 7-10,Xetra
I,EL4Q.DE,DE000ETFL169,ETFLAB IBOXX EUR SOV DIV 10+,Xetra
I,EL4R.DE,DE000ETFL177,ETFLAB DB EUROGOV GERMANY,Xetra
I,EL4S.DE,DE000ETFL185,ETFLAB DB EUROGOV GERMANY 1-3,Xetra
I,EL4T.DE,DE000ETFL193,ETFLAB DB EUROGOV GERMANY 3-5,Xetra
I,EL4U.DE,DE000ETFL201,ETFLAB DB EUROGOV GERMANY 5-10,Xetra
I,EL4V.DE,DE000ETFL219,ETFLAB DB EUROGOV GERMANY 10+,Xetra
I,EL4W.DE,DE000ETFL227,ETFLAB DB EUROGOV GERMANY MM,Xetra
I,EL4X.DE,DE000ETFL235,ETFLAB DAXPLUS MAXIMUM DVD,Xetra
I,EL4Y.DE,DE000ETFL250,ETFLAB STOXX EUROPE 50,Xetra
I,EL4Z.DE,DE000ETFL268,ETFLAB MSCI USA,Xetra
I,ELB.DE,DE000A11Q059,ELUMEO SE,Xetra
I,ELF0.DE,DE000ETFL433,Deka Dax Ex Financials 30 UCITS ETF,Xetra
I,ELF1.DE,DE000ETFL441,Deka MDAX UCITS ETF,Xetra
I,ELF5.DE,DE000ETFL458,ETFL45,Xetra
I,ELFA.DE,DE000ETFL466,DEKA EO ST.50(THES.)U.ETF,Xetra
I,ELFB.DE,DE000ETFL474,DEKA OEKOM EO NACHH.U.ETF,Xetra
I,ELFC.DE,DE000ETFL482,DK EO ISTO.EX F.D.+ U.ETF,Xetra
I,ELFD.DE,DE000ETFL490,DEKA EUROZ.R.P.1-10 U.ETF,Xetra
I,ELFE.DE,DE000ETFL524,DEKA US TREAS.7-10 UC.ETF,Xetra
I,ELFF.DE,DE000ETFL532,DEKA EO CORP.0-3 LIQ.U.E.,Xetra
I,ELFG.DE,DE000ETFL516,DEKA GERMANY 30 UCITS ETF,Xetra
I,ELFW.DE,DE000ETFL508,DEKA MSCI WORLD UCITS ETF,Xetra
I,ELG.DE,DE0005677108,ELMOS SEMICONDUCTOR AG,Xetra
I,ELN.DE,DE000A0WMJQ4,ELECTRONICS LINE 3000 LTD,Xetra
I,ELNJ.DE,DE000A2G9KU4,ELANIX BIOTECHN.AG JGE,Xetra
I,ELX.DE,SE0000103814,ELECTROLUX B,Xetra
I,EMH.DE,DE000A2YN777,PFERDEWETTEN.DE AG NA ON,Xetra
I,EMH1.DE,DE000A1K0409,PFERDEWETTEN.DE AG,Xetra
I,EMQ.DE,DE000A0JL529,EMQTEC AG,Xetra
I,ENR.DE,DE000ENER6Y0,SIEMENS ENERGY AG NA O.N.,Xetra
I,ENUR.DE,FI0009005961,STORA ENSO OYJ,Xetra
I,EOAN.DE,DE000ENAG999,E.ON AG,Xetra
I,EQS.DE,DE0005494165,EQS GROUP AG NA O.N.,Xetra
I,ERCB.DE,SE0000108656,ERICSSON B (FRIA),Xetra
I,ERCG.DE,SE0000108649,ERICSSON A (FRIA),Xetra
I,ERMK.DE,DE000A0Z23G6,DEAG DEUTSCHE ENTERTAINMENT,Xetra
I,ERO1.DE,CH0016458363,TMC CONTENT GROUP AG,Xetra
I,ERWE.DE,DE000A1X3WX6,ERWE IMMOB. AG INH O.N.,Xetra
I,ESY.DE,DE000A2YN991,EASY SOFTWARE AG,Xetra
I,ETG.DE,DE000A0MVLS8,ENVITEC BIOGAS AG,Xetra
I,EUCA.DE,DE000A1K0300,EUROMICRON AG,Xetra
I,Euro 3,,HSBC Capital Funding,Xetra
I,EUZ.DE,DE0005659700,ECKERT & ZIEGLER AG,Xetra
I,EV4.DE,DE0009147207,CONSTANTIN MEDIEN AG,Xetra
I,EVD.DE,DE0005470306,CTS EVENTIM AG,Xetra
I,EVK.DE,DE000EVNK013,EVONIK INDUSTRIES AG,Xetra
I,EVN.DE,AT0000741053,EVN AG,Xetra
I,EVT.DE,DE0005664809,EVOTEC AG,Xetra
I,EXJ.DE,DE000A1E89S5,READCREST CAPITAL AG O.N.,Xetra
I,EXL.DE,DE000A0LR9G9,EXASOL AG NA O.N.,Xetra
I,EXN.DE,DE000A1RFM03,EXPEDEON AG INH O.N.,Xetra
I,F2Y.DE,DE000A12UK24,F24 AG NA O.N.,Xetra
I,F3C.DE,DE0007568578,SFC ENERGY AG,Xetra
I,F6O1.DE,DK0010234467,FLSMIDTH+CO.AS NAM.B DK20,Xetra
I,F701.DE,DE000ETF7011,C.V.STR.-COM.VERM.U.ETF I,Xetra
I,F702.DE,DE000ETF7029,COMST.VERM.STR.-D.U.ETF I,Xetra
I,F703.DE,DE000ETF7037,COMST.VERM.STR.-O.U.ETF I,Xetra
I,F750.DE,DE000ETF7508,COMST.ALP.DIV.PL.UC.ETF R,Xetra
I,F751.DE,DE000ETF7516,COMST.AL.DE DIV.PL.UC.ETF,Xetra
I,FAA.DE,AT0000785407,FABASOFT AG,Xetra
I,FAM2.DE,DE000A2DA6T5,DT.CANNABIS AG JGE O.N.,Xetra
I,FAO2.DE,DE0006224520,I:FAO AG,Xetra
I,FC9.DE,DE000A1YC913,FCR IMMOBILIEN AG NA O.N.,Xetra
I,FEV.DE,DE0005774103,FORTEC ELEKTRONIK AG,Xetra
I,FF24.DE,DE000A1PG508,FAST FIN24 HLDG INH O.N.,Xetra
I,FGT.DE,DE000A13SX89,FENGHUA SOLETECH AG,Xetra
I,FIE.DE,DE0005772206,FIELMANN AG,Xetra
I,FKE.DE,DE000A1YCNB3,FEIKE AG,Xetra
I,FLA.DE,DE0005249601,FLATEX AG,Xetra
I,FLW.DE,AT0000911805,FLUGHAFEN WIEN AG,Xetra
I,FME.DE,DE0005785802,FRESENIUS MEDICAL CARE AG & CO KGAA,Xetra
I,FMEN.DE,DE000A254VN2,FRESEN.MED.CARE NEUE,Xetra
I,FMK.DE,AU000000KNL2,KIBARAN RESOURCES LTD.,Xetra
I,FMV.DE,CA32076V1031,FIRST MAJESTIC SILVER,Xetra
I,FNTN.DE,DE000A0Z2ZZ5,FREENET AG,Xetra
I,FO4N.DE,BE0974264930,AGEAS SA/NV,Xetra
I,FOH.DE,NO0003089005,FRED.OLSEN ENERGY NK 20,Xetra
I,FOT.DE,FI0009007132,FORTUM OYJ,Xetra
I,FPE.DE,DE0005790406,FUCHS PETROLUB AG,Xetra
I,FPE3.DE,DE0005790430,FUCHS PETROLUB AG,Xetra
I,FPH.DE,DE000FPH9000,FRANCOTYP-POSTALIA HOLDING AG,Xetra
I,FQT.DE,ATFREQUENT09,FREQUENTIS AG,Xetra
I,FRA.DE,DE0005773303,FRAPORT AG FRANKFURT AIRPORT SERVICES WORLDWIDE,Xetra
I,FRE.DE,DE0005785604,FRESENIUS SE & CO KGAA,Xetra
I,FREN.DE,DE000A254WA7,FRESENIUS SE+CO. O.N.NEUE,Xetra
I,FRL.DE,BMG3682E1277,FRONTLINE LTD. DL 1,Xetra
I,FRS.DE,DE0005775803,FORIS AG,Xetra
I,FRU.DE,FI4000106299,FERRATUM OYJ,Xetra
I,FRYA.DE,SE0000242455,SWEDBANK A,Xetra
I,FSNT.DE,DE000A2QEFA1,FASHIONETTE AG O.N.,Xetra
I,FT8.DE,DE000A1PG8V8,FIRSTEXTILE AG,Xetra
I,FTK.DE,DE000FTG1111,FINTECH GROUP AG NA O.N.,Xetra
I,FVI.DE,DE000A0MW975,FAIR VALUE REIT-AG,Xetra
I,FW1.DE,DE000A0B95Y8,MIFA FAHRRADWERKE O.N.,Xetra
I,FYB.DE,DE000A1EWVY8,FORMYCON AG,Xetra
I,FZM.DE,CNE1000004Y2,ZTE CORP. H YC 1,Xetra
I,G1A.DE,DE0006602006,GEA GROUP AG,Xetra
I,G24.DE,DE000A12DM80,Scout24 AG,Xetra
I,G2AA.DE,CH0364749348,VIFOR PHARMA NAM.SF 0.01,Xetra
I,G6P.DE,DE0007612103,GOING PUBLIC MEDIA AG,Xetra
I,GAD.DE,CH0102659627,GAM HOLDING AG NA.SF -.05,Xetra
I,GAG.DE,DE000A0Z26C8,GORE GERM.OFF.R.E. NA ON,Xetra
I,GBF.DE,DE0005909006,BILFINGER BERGER SE,Xetra
I,GBRA.DE,CH0030170408,GEBERIT AG,Xetra
I,GFIN.DE,CH0001752309,GEORG FISCHER AG,Xetra
I,GFK.DE,DE0005875306,GFK SE,Xetra
I,GFT.DE,DE0005800601,GFT TECHNOLOGIES AG,Xetra
I,GGS.DE,DE0005156004,GIGASET AG,Xetra
I,GHG.DE,CA37953Y1043,GLOBAL HEMP GROUP INC.,Xetra
I,GIL.DE,DE0005878003,DMG MORI AG O.N.,Xetra
I,GIN.DE,CH0010645932,GIVAUDAN SA,Xetra
I,GKS.DE,DE0007571424,GK SOFTWARE AG,Xetra
I,GLJ.DE,DE000A161N30,GRENKELEASING AG,Xetra
I,GME.DE,DE0005495626,GERATHERM MEDICAL AG,Xetra
I,GMM.DE,DE0005895403,GRAMMER AG,Xetra
I,GNN.DE,DK0010272632,GN STORE NORD A/S NAM.DK1,Xetra
I,GO5.DE,CA3809564097,GOLDCORP INC.,Xetra
I,GPK.DE,BMG4032A1045,GOLDEN OCEAN GRP DL-.10,Xetra
I,GRF.DE,DE0005897300,GREIFFENBERGER AG,Xetra
I,GRX.DE,BGGRASE06174,EXPAT GREECE ASE UC.ETF,Xetra
I,GSC1.DE,DE000A1K0201,GESCO AG,Xetra
I,GSJ.DE,DE000A1MMEV4,German Startups Group Berlin,Xetra
I,GTK.DE,DE000A1EMHE0,TONKENS AGRAR AG,Xetra
I,GTN.DE,SE0000202624,GETINGE AB B FR. SK-.50,Xetra
I,GTY.DE,DE000A0JJTG7,GATEWAY R.EST.AG O.N.,Xetra
I,GWD.DE,DE000A2G8XX3,GODEWIND IMMO.AG NA O.N.,Xetra
I,GWI1.DE,DE0003304101,GERRY WEBER INTERNATIONAL AG,Xetra
I,GWI2.DE,DE000A255G36,GERRY WEBER INTERNAT.O.N.,Xetra
I,GXE.DE,BE0003818359,GALAPAGOS N.V.,Xetra
I,GXI.DE,DE000A0LD6E6,GERRESHEIMER AG,Xetra
I,GXP1.DE,DE000A2E4L00,GXP GERM.PROP.AG INH.O.N.,Xetra
I,GZ5.DE,PTGAL0AM0009,GALP ENERGIA SGPS NOM.EO1,Xetra
I,H24.DE,DE000A14KEB5,HOME24 SE INH O.N.,Xetra
I,H2FA.DE,DE000A1MMHE3,HELIOCENTRIS ENERGY SOLUTIONS AG,Xetra
I,H2R.DE,DE000A0LR5T0,HALLOREN SCHOKOLADENFABRIK AG,Xetra
I,H4G.DE,DE0007608606,HANSA GROUP AG,Xetra
I,H5E.DE,DE000A0EQ578,HELMA EIGENHEIMBAU AG,Xetra
I,H8K.DE,DE000A1JH3F9,HAIKUI SEAFOOD AG,Xetra
I,H9O1.DE,DE000A1MMCR6,HUMANOPTICS AG,Xetra
I,H9W.DE,DE000A0LR4P1,HWA AG,Xetra
I,H9Y.DE,DE000A0KF6M8,HANSEYACHTS AG,Xetra
I,HAB.DE,DE0006013006,HAMBORNER REIT AG O.N.,Xetra
I,HAE.DE,DE0006190705,HAEMATO AG O.N.,Xetra
I,HAEK.DE,DE000A289VV1,HAEMATO AG O.N. KONV.,Xetra
I,HAW.DE,DE0006042708,HAWESKO HOLDING AG,Xetra
I,HBH.DE,DE0006083405,Hornbach Holding AG & Co. KGaA,Xetra
I,HBH3.DE,DE0006083405,HORNBACH HOLDING AG,Xetra
I,HBM.DE,DE0006084403,HORNBACH BAUMARKT AG,Xetra
I,HDD.DE,DE0007314007,HEIDELBERGER DRUCKMASCHINEN AG,Xetra
I,HDDF.DE,DE000A2E4T51,HEIDELBERG.DRUCKMA. NEUE,Xetra
I,HDJ0.DE,JE00B3CM9527,HENDERSON GRP PLC LS-.125,Xetra
I,HEI.DE,DE0006047004,HEIDELBERGCEMENT AG,Xetra
I,HEMP.DE,DE000A0BVVK7,DT.CANNABIS AG O.N.,Xetra
I,HEN.DE,DE0006048408,HENKEL AG & CO KGAA,Xetra
I,HEN3.DE,DE0006048432,HENKEL AG & CO KGAA,Xetra
I,HEZ.DE,DE0006053101,PELIKAN AG O.N.,Xetra
I,HFG.DE,DE000A161408,HELLOFRESH SE INH O.N.,Xetra
I,HG1.DE,DE0005297204,HOMAG GROUP AG,Xetra
I,HHFA.DE,DE000A0S8488,HAMBURGER HAFEN UND LOGISTIK AG,Xetra
I,HHH.DE,DE000A2GS5M9,HOMES+HOLIDAY AG NA O.N.,Xetra
I,HIGA,KYG448981079,Evraz Highveld Steel and Vanadium Limited,Xetra
I,HL9B.DE,SE0000109290,HOLMEN AB B SK 50,Xetra
I,HLAG.DE,DE000HLAG475,Hapag-Lloyd AG,Xetra
I,HLBN.DE,CH0012214059,HOLCIM LTD,Xetra
I,HLE.DE,DE000A13SX22,HELLA KGAA HUECK+CO. O.N.,Xetra
I,HLG.DE,CH0006539198,HIGHLIGHT COMMUNICATIONS AG,Xetra
I,HMSB.DE,SE0000106270,HENNES + MAURITZ B SK-125,Xetra
I,HMU.DE,DE0006061104,HMS BERGBAU AG,Xetra
I,HNL.DE,DE0005157101,DR HOENLE AG,Xetra
I,HNR1.DE,DE0008402215,HANNOVER RUECKVERSICHERUNG AG,Xetra
I,HOC.DE,DE0005495329,HolidayCheck Group AG,Xetra
I,HOI.DE,JE00B2Q4TN56,HERITAGE OIL PLC,Xetra
I,HOT.DE,DE0006070006,HOCHTIEF AG,Xetra
I,HP3.DE,DE0006001902,RINGMETALL AG,Xetra
I,HPBK.DE,DE000A0L1NN5,HELIAD EQUITY PARTNERS GMBH & CO KGAA,Xetra
I,HPHA.DE,DE000A11QVV0,HEIDELBERG PHARMA AG O.N.,Xetra
I,HRPK.DE,DE000A11QW68,7C SOLARPARKEN AG O.N.,Xetra
I,HRZ.DE,SE0001662230,HUSQVARNA NAM. B SK 100,Xetra
I,HUBE.DE,BGHUBUX01189,EXPAT HUNG. BUX UCITS ETF,Xetra
I,HVX.DE,CH0012271687,HELVETIA HOLDING NA SF0.1,Xetra
I,HWSA.DE,DE000A1X3X66,METRIC MOB.SOL.AG O.N.,Xetra
I,HXCK.DE,DE000A161077,Ernst Russ AG,Xetra
I,HXGB.DE,SE0000103699,HEXAGON AB B FRIA SK1.333,Xetra
I,HYQ.DE,DE0005493365,HYPOPORT AG,Xetra
I,I3M.DE,DE000A0BLCV5,IMPREGLON SE,Xetra
I,I7N.DE,DE000A0JL461,ITN NANOVATION AG,Xetra
I,IBU.DE,DE000A0XYHT5,IBU-TEC ADV.MATER. INH.ON,Xetra
I,IC8.DE,DE000A0HNF96,INCITY IMMOBILIEN AG,Xetra
I,ICP.DE,DE000A1R1C81,PANAMAX AG,Xetra
I,IDVA.DE,SE0000190126,INDUSTRIV. A FR.,Xetra
I,IFA.DE,DE0006131204,IFA HOTEL U.TOURISTI.O.N.,Xetra
I,IFM.DE,DE000A0JDU97,IFM IMMOBILIEN AG,Xetra
I,IFX.DE,DE0006231004,INFINEON TECHNOLOGIES AG,Xetra
I,IFXN.DE,DE000A2NBU26,INFINEON TECH.AG NA NEUE,Xetra
I,IGY.DE,DE000A2AADD2,innogy SE,Xetra
I,IGYB.DE,DE000A2LQ2L3,INNOGY SE Z.VERK.,Xetra
I,IKHK.DE,DE000A2AA105,STARDSL AG,Xetra
I,ILM1.DE,DE000A1MMCC8,MEDIOS AG O.N.,Xetra
I,IMO1.DE,AT0000A21KS2,IMMOFINANZ AG INH.,Xetra
I,INH.DE,DE0006200108,INDUS HOLDING AG,Xetra
I,INS.DE,DE000A2NBX80,INSTONE REAL EST.GRP EO 1,Xetra
I,INW1.DE,DE000A14KR27,GBS SOFTWARE AG,Xetra
I,IPOK.DE,DE000A254294,HEIDEL.BETEIL.HLDG O.N.,Xetra
I,IQL.DE,CH0451424300,IQ INTL AG SF-.01,Xetra
I,IS7.DE,DE0005874846,INTICA SYSTEMS AG,Xetra
I,IS8.DE,DE0007830788,IFA SYSTEMS AG,Xetra
I,ISHA.DE,DE000A254211,INTERSHOP COMM. KONV.,Xetra
I,ISR.DE,DE0005488100,ISRA VISION AG,Xetra
I,ITN.DE,DE0006223605,INTERTAINMENT AG,Xetra
I,IU2.DE,NO0010208051,YARA INTERNATIONAL NK1.70,Xetra
I,IUR.DE,DE0006208408,KAP AG INH O.N.,Xetra
I,IV6B.DE,SE0000164626,INVEST.KINNEVIK B SK 0.10,Xetra
I,IVSB.DE,SE0000107419,INVESTOR B (FRIA) SK6.25,Xetra
I,IVU.DE,DE0007448508,IVU TRAFFIC TECHNOLOGIES AG,Xetra
I,IVX.DE,DE0005859698,INVISION SOFTWARE AG,Xetra
I,IWB.DE,DE000A1E8H38,ISARIA WOHNBAU AG,Xetra
I,IXX.DE,DE0005759807,INIT INNOVATION IN TRAFFIC SYSTEMS AG,Xetra
I,JB7.DE,DE000A2G9LL1,DT.IND.GRDBES.AG INH O.N.,Xetra
I,JEM.DE,PTJMT0AE0001,JERONIM.MART.SGPS INH.EO1,Xetra
I,JEN.DE,DE000A2NB601,JENOPTIK AG,Xetra
I,JFB.DE,DE0005198907,J.F.BEHRENS AG O.N.,Xetra
I,JGE.DE,CH0102484968,JUL. BAER GRP. NAM.SF-.02,Xetra
I,JST.DE,DE000JST4000,JOST WERKE AG INH. O.N.,Xetra
I,JUN3.DE,DE0006219934,JUNGHEINRICH AG O.N.VZO,Xetra
I,JY8.DE,DE000A0WMLD8,JOYOU AG,Xetra
I,JYS1.DE,DK0010307958,JYSKE BK A/S NAM. DK 10,Xetra
I,K1R.DE,DE000A0KFUJ5,KROMI LOGISTIK AG,Xetra
I,K3A.DE,NO0003033102,KONGSBERG AUTO.HLDG NK-50,Xetra
I,KA8.DE,DE0007857476,KLASSIK RADIO AG,Xetra
I,KABN.DE,CH0011795959,DORMAKABA HLDG NA.SF 0.10,Xetra
I,KB7.DE,DE000A0HNG53,KTG ENERGIE AG,Xetra
I,KBC.DE,DE0006053952,KONTRON AG,Xetra
I,KBU.DE,DE0006338007,COLONIA REAL ESTATE AG,Xetra
I,KBX.DE,DE000KBX1006,KNORR-BREMSE AG INH O.N.,Xetra
I,KC4.DE,FI0009013403,KONE CORP.(NEW) B O.N.,Xetra
I,KCC.DE,CH0132106482,CASHCLOUD AG INH. SF-.20,Xetra
I,KCO.DE,DE000KC01000,KLOECKNER & CO SE,Xetra
I,KDB.DE,BE0003565737,KBC GROEP N.V.,Xetra
I,KGX.DE,DE000KGX8881,KION GROUP AG,Xetra
I,KIN2.DE,CA4969024047,KINROSS GOLD CORP,Xetra
I,KNIA.DE,CH0025238863,KUEHNE + NAGEL INTERNATIONAL AG,Xetra
I,KR8.DE,CH0010702154,KOMAX HLDG NA SF 0.10,Xetra
I,KRN.DE,DE0006335003,KRONES AG,Xetra
I,KSB.DE,DE0006292006,KSB AG,Xetra
I,KSB3.DE,DE0006292030,KSB AG,Xetra
I,KSC.DE,DE000A1A6V48,KPS AG,Xetra
I,KSW.DE,DE0006322001,KST BETEILIGUNGS AG,Xetra
I,KU2.DE,DE0006204407,KUKA AG,Xetra
I,KWG.DE,DE0006578008,KHD HUMBOLDT WEDAG INTERNATIONAL AG,Xetra
I,KWS.DE,DE0007074007,KWS SAAT AG,Xetra
I,KY7.DE,NO0010215684,AKER SOLUTIONS ASA,Xetra
I,L00.DE,CA5263673058,LEO RESOURCES INC.NEW,Xetra
I,L1OA.DE,DE000A12UP29,LLOYD FONDS AG,Xetra
I,L60.DE,CH0003583256,HIGHL.EVENT A.ENT.INH.SF9,Xetra
I,LDB.DE,DK0010287234,H. LUNDBECK A/S NAM. DK 5,Xetra
I,LEG.DE,DE000LEG1110,LEG IMMOBILIEN AG,Xetra
I,LEI.DE,DE0006464506,LEIFHEIT AG,Xetra
I,LEN.DE,AT0000644505,LENZING AG,Xetra
I,LEO.DE,DE0005408884,LEONI AG,Xetra
I,LHA.DE,DE0008232125,DEUTSCHE LUFTHANSA AG,Xetra
I,LHL.DE,HK0992009065,LENOVO GROUP,Xetra
I,LIK.DE,DE000A0JDBC7,LIMES SCHLOSSKLINIK. O.N.,Xetra
I,LINU.DE,DE000A2E4L75,LINDE AG O.N. Z.UMT.,Xetra
I,LMI.DE,CH0132594711,LION E-MOBILITY AG SF-.13,Xetra
I,LNA.DE,DE0006483001,LINDE AG O.N.,Xetra
I,LNH.DE,BMG5361W1047,LANCASHIRE HLDGS DL -.50,Xetra
I,LNSX.DE,DE000A0DPRE6,SIXT LEASING O.N.,Xetra
I,LO24.DE,DE000LTT2470,LOTTO24 AG,Xetra
I,LO26.DE,DE000LTT0268,LOTTO24 AG Z.UMT.,Xetra
I,LO3.DE,CH0013841017,LONZA GROUP AG,Xetra
I,LPK.DE,DE0006450000,LPKF LASER & ELECTRONICS AG,Xetra
I,LSPN.DE,CH0010570759,LINDT & SPRUENGLI AG,Xetra
I,LSPP.DE,CH0010570767,LINDT & SPRUENGLI AG,Xetra
I,LSX.DE,DE0005754402,LS TELCOM AG,Xetra
I,LTEC.DE,CH0025751329,LOGITECH INTL NA SF -.25,Xetra
I,LUS.DE,DE0006459324,LANG & SCHWARZ WERTPAPIERHANDELSBANK AG,Xetra
I,LVA.DE,CH0034389707,ALPIQ HOLDING AG NAM.SF10,Xetra
I,LXS.DE,DE0005470405,LANXESS AG,Xetra
I,LYV.DE,SE0000825820,LUNDIN PETROLEUM SK-.01,Xetra
I,M09.DE,PTMEN0AE0005,MOTA-ENGIL INH. EO 1,Xetra
I,M0Y.DE,DE000A0JCY11,MYNARIC AG INH O.N.,Xetra
I,M12.DE,DE000A0STSQ8,M1 KLINIKEN AG O.N.,Xetra
I,M3BK.DE,DE000A254W52,MIC AG KONV.,Xetra
I,M3V.DE,DE000A0LBFE4,MEVIS MEDICAL SOLUTIONS AG,Xetra
I,M4N.DE,DE000A0KD0F7,MUEHLHAN AG,Xetra
I,M5E.DE,SE0000221723,MEDA AB A SK 1,Xetra
I,M5Z.DE,DE000A0JQ5U3,MANZ AG,Xetra
I,M6YA.DE,CH0108503795,MEYER BUR.TECH.NAM.SF-.05,Xetra
I,M7U.DE,DE000A0MSN11,Nynomic AG,Xetra
I,M8G.DE,MT0000580101,MEDIA AND GAMES INV. EO 1,Xetra
I,MA1.DE,DE000A0D88T9,MAX21 MANAGEMENT & BETEILGUNGEN AG,Xetra
I,MAC1.DE,SE0005676160,ARCAM AB,Xetra
I,MAK.DE,DE0006044001,MATERNUS-KLINIKEN AG,Xetra
I,MAN.DE,DE0005937007,MAN SE,Xetra
I,MAN3.DE,DE0005937031,MAN SE,Xetra
I,MBB.DE,DE000A0ETBQ4,MBB INDUSTRIES AG,Xetra
I,MBK.DE,DE0008148206,MERKUR BANK KGAA,Xetra
I,MBQ.DE,DE0005218309,MOBOTIX AG,Xetra
I,MCE.DE,DE0006618309,MEDICAL COLUMBUS AG,Xetra
I,MDG1.DE,DE000A1X3W00,MEDIGENE AG NA O.N.,Xetra
I,MDN.DE,DE0006605009,MEDION AG,Xetra
I,MED.DE,DE0006595101,MEDICLIN AG,Xetra
I,MF6.DE,DE000A0HGQF5,MAGFORCE AG,Xetra
I,MGNK.DE,DE000A2LQ900,MOLOGEN AG KONV.,Xetra
I,MHH.DE,DE0005492540,MEDISANA AG,Xetra
I,MIQ.DE,PA5800371096,MCDERMOTT INTL INC. DL 1,Xetra
I,MKK1.DE,BGMACMB06181,EXPAT MAC.MBI10 UCITS ETF,Xetra
I,MLL.DE,DE0006214687,MUELLER - DIE LILA LOGISTIK AG,Xetra
I,MLP.DE,DE0006569908,MLP AG,Xetra
I,MME.DE,DE0005761159,MME MOVIEMENT AG,Xetra
I,MNSN.DE,CH0012337421,MICRONAS SEMICONDUCTOR HOLDING AG,Xetra
I,MO7.DE,SE0000412371,MOD. TIMES GRP M B,Xetra
I,MOR.DE,DE0006632003,MORPHOSYS AG,Xetra
I,MOS.DE,BE0003735496,MOBISTAR SA,Xetra
I,MPCK.DE,DE000A1TNWJ4,MPC MUENCH.PET.CAP.,Xetra
I,MPRK.DE,DE000A1MMCY2,MAIER + PARTNER O.N.,Xetra
I,MR8.DE,DE000A0HHKA7,MERCURIUS AG,Xetra
I,MRK.DE,DE0006599905,MERCK KGAA O.N.,Xetra
I,MSAG.DE,DE0005855183,MS INDUSTRIE AG,Xetra
I,MSGL.DE,DE0005130108,MSG LIFE AG O.N.,Xetra
I,MSRB.DE,FI0009000665,METSAE BOARD OYJ B EO1.70,Xetra
I,MT4.DE,CH0030773102,MATADOR PR.EQ. INH. SF 10,Xetra
I,MTA.DE,FI0009003727,WARTSILA,Xetra
I,MTX.DE,DE000A0D9PT0,MTU AERO ENGINES HOLDING AG,Xetra
I,MU4.DE,DE000A0MSEQ3,M4E AG,Xetra
I,MUB.DE,DE0006627201,MUEHLBAUER HOLDING AG & CO KGAA,Xetra
I,MUM.DE,DE0006580806,MENSCH UND MASCHINE SOFTWARE SE,Xetra
I,MUV2.DE,DE0008430026,MUENCHENER RUECKVERSICHERUNGS AG,Xetra
I,MUX.DE,DE000A2NB650,MUTARES AG,Xetra
I,MVV1.DE,DE000A0H52F5,MVV ENERGIE AG,Xetra
I,MWB.DE,DE0006656101,MWB FAIRTRADE WERTPAPIERHANDELSBANK AG,Xetra
I,MXH.DE,DE0006580905,MAX AUTOMATION AG,Xetra
I,MXHN.DE,DE000A2DA588,MAX AUTOMATION AG NA O.N.,Xetra
I,MYM.DE,AT0000938204,MAYR MELNHOF KARTON AG,Xetra
I,MYRK.DE,DE000A11QWW6,MYHAMMER HOLDING AG O.N.,Xetra
I,MZX.DE,DE0005492938,MASTERFLEX AG,Xetra
I,N1M.DE,DE0008137852,NET MOBILE AG,Xetra
I,N2F.DE,DE0005400667,NANOFOCUS AG,Xetra
I,N4G.DE,DE000A161NR7,THE NAGA GROUP AG NA O.N.,Xetra
I,N7G.DE,DE000A0JKHC9,NANOGATE AG,Xetra
I,NB2.DE,DE000A0SMU87,NORTHERN BITCOIN AG O.N.,Xetra
I,NBA.DE,NO0010031479,DNB NOR ASA A NK 10,Xetra
I,NBG6.DE,DE0008435967,NUERNBERGER BETEILIGUNGS AG,Xetra
I,NBZF.DE,FI0009902530,NORDEA BANK FDR/1 EO 0.40,Xetra
I,NC5A.DE,DE000A12UP37,NORCOM INF.TECHN.AG,Xetra
I,NDA.DE,DE0006766504,AURUBIS AG,Xetra
I,NDB.DE,SE0000427361,NORDEA BANK AB EO 0.40,Xetra
I,NDX1.DE,DE000A0D6554,NORDEX SE,Xetra
I,NEF.DE,FI0009013296,NESTE OIL CORP.,Xetra
I,NEM.DE,DE0006452907,NEMETSCHEK AG,Xetra
I,NESR.DE,CH0038863350,NESTLE SA,Xetra
I,NF4.DE,DE000A1MME74,NETFONDS AG VNA O.N.,Xetra
I,NFN.DE,DE000A0N4N52,NFON AG INH O.N.,Xetra
I,NHY.DE,AU000000LOM6,LUCAPA DIAMOND CO. LTD.,Xetra
I,NIIN.DE,DE000A2G8332,NIIIO FIN.GRP AG NA O.N.,Xetra
I,NK1A.DE,NO0003921009,DNO ASA A NK -.25,Xetra
I,NK2A.DE,NO0004135633,NORSKE SKOGIND. NK 1,Xetra
I,NKT.DE,DK0010287663,NKT HLDG A/S NAM. DK 20,Xetra
I,NLB1.DE,CH0037851646,NOBEL BIOCARE HOLDING AG,Xetra
I,NMI.DE,DE000A12ULL2,ALADDIN HLTHC.TECH. O.N.,Xetra
I,NN6.DE,DE0006577109,NANOREPRO AG,Xetra
I,NNND.DE,KYG875721634,TENCENT HLDGS HD-.00002,Xetra
I,NNPA.DE,AU000000NNO0,NANOPAC INNOVATION CDI 1,Xetra
I,NOA3.DE,FI0009000681,NOKIA OYJ,Xetra
I,NOEJ.DE,DE000A1H8BV3,NORMA GROUP,Xetra
I,NOH1.DE,NO0005052605,NORSK HYDRO ASA NK 1.098,Xetra
I,NOT.DE,CH0012005267,NOVARTIS AG,Xetra
I,NOVB.DE,DK0060102614,NOVO NORDISK A/S,Xetra
I,NOVC.DE,DK0060534915,NOVO-NORDISK NAM.B DK-.20,Xetra
I,NSU.DE,DE0006757008,AUDI AG,Xetra
I,NTG.DE,DE000A0KPPR7,NABALTEC AG,Xetra
I,NUVA.DE,DE000A2E4MK4,NORATIS AG INH. O.N.,Xetra
I,NVJP.DE,BE0974320526,UMICORE S.A.,Xetra
I,NWO.DE,DE000NWRK013,NEW WORK SE NA O.N.,Xetra
I,NWX.DE,DE0006775505,NORDWEST HANDEL AG,Xetra
I,NXI.DE,DE0007471377,ACTIVA RESOURCES AG,Xetra
I,NXR.DE,DE000A1K03W5,NEXR TECHN.SE INH O.N.,Xetra
I,NXU.DE,DE0005220909,NEXUS AG,Xetra
I,O2C.DE,AT0000A00Y78,CAT OIL AG,Xetra
I,O2D.DE,DE000A1J5RX9,TELEFONICA DTLD HLDG AG,Xetra
I,O3P.DE,AT0000APOST4,OESTERREICHISCHE POST AG,Xetra
I,O4B.DE,DE0006286560,OVB HOLDING AG,Xetra
I,O5H.DE,CH0022237009,OPENLIMIT HOLDING AG,Xetra
I,OAL.DE,BMG0410V2071,APOLLO ENTERPRISE SOLUT.,Xetra
I,OBH.DE,CH0000816824,OC OERLIKON CORP AG,Xetra
I,OBS.DE,DE0005228779,ORBIS AG,Xetra
I,OEWA.DE,AT0000746409,VERBUND AG,Xetra
I,OFC.DE,SE0001174889,ORIFLAME COSM.SDR EO 1.25,Xetra
I,OFK.DE,FI0009014377,ORION CORP. (NEW) B,Xetra
I,OHB.DE,DE0005936124,OHB AG,Xetra
I,OKL.DE,NO0003733800,ORKLA NK 1.25,Xetra
I,OMV.DE,AT0000743059,OMV AG,Xetra
I,OS3.DE,NO0010040611,OPERA SOFTWARE ASA NK-.02,Xetra
I,OSP2.DE,DE000A0BVU28,USU SOFTWARE AG,Xetra
I,OSR.DE,DE000LED4000,OSRAM LICHT AG NA O.N.,Xetra
I,OUTA.DE,FI0009002422,OUTOKUMPU OYJ A,Xetra
I,P01.DE,CA1968741019,COLT RESOURCES INC.,Xetra
I,P2G1.DE,GI000A0MV757,BWIN.PARTY D.EN.LS-.00015,Xetra
I,P2H.DE,CH0024608827,PARTNERS GR.HLDG SF -.01,Xetra
I,P4N.DE,AT0000A00XX9,POLYTEC HLDG AG INH. EO 1,Xetra
I,P4O.DE,DE000A0HGQS8,PLAN OPTIK AG,Xetra
I,P6Z.DE,CH0118530366,PEACH PROPERTY GROUP SF1,Xetra
I,P7S.DE,CH0018294154,PSP SWISS PROP. SF 0.1,Xetra
I,PA2.DE,CA6979001089,PAN AMER. SILVER CORP.,Xetra
I,PA8.DE,DE000A0B65S3,PAION AG,Xetra
I,PAG.DE,DE000A2LQ850,PREOS REAL ESTATE NA O.N.,Xetra
I,PAH3.DE,DE000PAH0038,PORSCHE AUTOMOBIL HOLDING SE,Xetra
I,PAL.DE,DE000A12UPJ7,PANTAFLIX AG INH. O.N.,Xetra
I,PAT.DE,DE000PAT1AG3,PATRIZIA IMMOBILIEN NA ON,Xetra
I,PB9.DE,DE0007921835,PROBIODRUG AG O.N.,Xetra
I,PBB.DE,DE0008019001,Deutsche Pfandbriefbank AG,Xetra
I,PBY.DE,DE0006972508,PUBLITY AG O.N.,Xetra
I,PC6.DE,CNE1000003W8,PETROCHINA CO. LTD H YC 1,Xetra
I,PCZ.DE,DE0006223407,ProCredit Holding AG & Co.KGaA,Xetra
I,PDA.DE,DE0006967805,PRO DV AG,Xetra
I,PEH.DE,DE0006201403,PEH WERTPAPIER AG,Xetra
I,Per Sero,,Perusahaan Perseroan,Xetra
I,PFV.DE,DE0006916604,PFEIFFER VACUUM TECHNOLOGY AG,Xetra
I,PGH1.DE,CH0021783391,PARGESA HLDG INH. SF 20,Xetra
I,PGN.DE,DE0005558696,PARAGON AG,Xetra
I,PGS1.DE,NO0010199151,PET. GEO-SVCS AS NEW NK 3,Xetra
I,PH6.DE,DE000A1X3WF3,PHILION SE O.N.,Xetra
I,PHBN.DE,CH0012549785,SONOVA HOLDING AG,Xetra
I,PLX.DE,BGPLWIG04173,EXPAT POLAND WIG20 U.ETF,Xetra
I,PMAG.DE,AT0000KTMI02,PIERER MOBILITY AG,Xetra
I,PMOX.DE,DE000PRME020,DO DT.OFFICE AG O.N.,Xetra
I,PMV.DE,PTZON0AM0006,ZON OPTIMUS SGPS SA EO-01,Xetra
I,PND.DE,NO0003054108,Mowi ASA,Xetra
I,PNE3.DE,DE000A0JBPG2,PNE WIND AG,Xetra
I,PNEN.DE,DE000A2G8X15,PNE WIND AG NA O.N. NEUE,Xetra
I,PNX.DE,CA70260R1082,PASINEX RESOURCES LTD.,Xetra
I,PO0.DE,CA0585861085,BALLARD PWR SYS (NEW),Xetra
I,PO9.DE,PTPTI0AM0006,PORTUCEL S.A. EO 1,Xetra
I,POC.DE,CA73755L1076,POTASH CORP. SAS. INC.,Xetra
I,PPA.DE,DE0006924400,PA POWER AUTOM.AG,Xetra
I,PQL.DE,DE0006913304,POLIS IMMOBILIEN AG,Xetra
I,PRA.DE,DE000A0F6MD5,PRAKTIKER AG,Xetra
I,PRY.DE,DE000A2YN371,PACIFICO RENEW.YLD INH ON,Xetra
I,PS4.DE,DE000A0BVU93,PHOENIX SOLAR AG,Xetra
I,PSAN.DE,DE000A0Z1JH9,PSI AG GESELLSCHAFT FUER PRODUKTE UND SYSTEME DER INFORMATIONSTECHNOLOGIE,Xetra
I,PSG.DE,DE000A2P4LJ5,PHARMASGP HOLDING SE O.N.,Xetra
I,PSM.DE,DE000PSM7770,PROSIEBENSAT.1 MEDIA AG,Xetra
I,PT8.DE,DE000PET1111,PETROTEC AG,Xetra
I,PTCA.DE,PTPTC0AM0009,PORT.TEL.SG. EO 0.03,Xetra
I,PU11.DE,DE000A1YC996,LUMALAND AG NA O.N.,Xetra
I,PUM.DE,DE0006969603,PUMA SE,Xetra
I,PWO.DE,DE0006968001,PROGRESS-WERK OBERKIRCH AG,Xetra
I,PZS.DE,DE0006942808,SCHERZER & CO AG,Xetra
I,QB7.DE,DE0005202303,QUIRIN BANK AG,Xetra
I,QCE.DE,DE0005558662,Q-CELLS SE,Xetra
I,QPMC.DE,BMG0440M1284,AQUARIUS PLAT. NEW DL-.05,Xetra
I,QS5.DE,CH0012280076,STRAUMANN HLDG NA SF 0.10,Xetra
I,QSC.DE,DE0005137004,QSC AG,Xetra
I,R20N.DE,GG00B62W2327,RESOLUTION LTD (NEW),Xetra
I,R3Q.DE,NO0010112675,REC SILICON ASA NR 1,Xetra
I,RAA.DE,DE0007010803,RATIONAL AG,Xetra
I,RAD.DE,AT0000676903,RHI AG,Xetra
I,RAW.DE,AT0000606306,RAIFFEISEN BANK INTERNATIONAL AG,Xetra
I,RAZB.DE,SE0000111940,RATOS B FRIA SK 2.083,Xetra
I,RCMN.DE,DE000A1RFMY4,RCM BETEILIGUNGS NA. O.N.,Xetra
I,RHK.DE,DE0007042301,RHOEN KLINIKUM AG,Xetra
I,RHM.DE,DE0007030009,RHEINMETALL AG,Xetra
I,RHO.DE,CH0012032113,ROCHE HOLDING AG,Xetra
I,RHO5.DE,CH0012032048,ROCHE HOLDING AG,Xetra
I,RIB.DE,DE000A0Z2XN6,RIB Software SE,Xetra
I,RIB1.DE,DE000A254260,RIB SOFTWARE SE Z.VERK.,Xetra
I,RITB.DE,CH0045039655,CIE FINANCIERE RICHEMONT SA,Xetra
I,RITN.DE,CH0210483332,CIE FIN.RICHEMONT SF 1,Xetra
I,RKET.DE,DE000A12UKK6,ROCKET INTERNET SE,Xetra
I,RKKK.DE,FI0009003552,RAUTARUUKKI OY,Xetra
I,RN4.DE,PTREL0AM0008,REN-REDES ENERGET. EO 1,Xetra
I,RNY.DE,CA98462Y1007,YAMANA GOLD INC.,Xetra
I,RO5K.DE,DE000A1MBGB4,ROPAL EUROPE AG,Xetra
I,ROI.DE,AT0000922554,ROSENBAUER INTL,Xetra
I,RPL.DE,FI0009005987,UPM-KYMMENE OYJ,Xetra
I,RSL2.DE,DE000A1PHBB5,R. STAHL AG NA O.N.,Xetra
I,RTC.DE,DE0007008906,REALTECH AG,Xetra
I,RWE.DE,DE0007037129,RWE AG,Xetra
I,RWE3.DE,DE0007037145,RWE AG,Xetra
I,RY8.DE,DE000RYSE888,ROY CERAMICS SE,Xetra
I,S26A.DE,DE000A2E4L42,PYROLYX AG NA O.N.,Xetra
I,S3F.DE,CH0027148649,SANTHERA PHARM.HD.NA SF 1,Xetra
I,S4A.DE,DE0005751986,SMT SCHARF AG,Xetra
I,S4K.DE,DE000A0KPMZ7,SHF COMMUNICATION TECHNOLOGIES AG,Xetra
I,S4LA.DE,PTS3P0AM0017,SONAE INDUSTRIA NAM. E05,Xetra
I,S5GM.DE,CA61186P1027,MONTAN MINING CORP.,Xetra
I,S6P.DE,DE000A2TR919,SPIELVGG UNTERHACH. NA ON,Xetra
I,S7E.DE,JE00B2QKY057,SHIRE PLC LS-.05,Xetra
I,S7MB.DE,SE0000163594,SECURITAS AB B FR. SK 1,Xetra
I,S92.DE,DE000A0DJ6J9,SMA SOLAR TECHNOLOGY AG,Xetra
I,S9A.DE,BMG7945E1057,SEADRILL LTD. DL 2.-,Xetra
I,S9I.DE,DE000A2G9MZ9,STEMMER IMAGING AG INH ON,Xetra
I,SAC.DE,AT0000776307,SANOCHEMIA PHARMAZEUTIKA AG,Xetra
I,SANT.DE,AT0000A0E9W5,S+T AG (Z.REG.MK.Z.)O.N.,Xetra
I,SAP.DE,DE0007164600,SAP AG,Xetra
I,SAX.DE,DE0007493991,STROER OUT-OF-HOME MEDIA AG,Xetra
I,SAZ.DE,DE0007251803,STADA ARZNEIMITTEL AG,Xetra
I,SBS.DE,DE000STRA555,STRATEC BIOMEDICAL AG,Xetra
I,SCA.DE,SE0000112724,SVENSKA CELL.B FRIA SK10,Xetra
I,SCA1.DE,SE0000171886,SVENSKA CELL.A FR.SK 3.33,Xetra
I,SCE.DE,DE0005156236,SCHWEIZER ELECTRONIC AG,Xetra
I,SCL.DE,AN8068571086,SCHLUMBERGER LTD,Xetra
I,SCO.DE,DE0007240004,CYBITS HOLDING AG,Xetra
I,SCY.DE,IL0011267213,STRATASYS LTD,Xetra
I,SD1.DE,DE000A1YDAZ7,SENDR SE NA O.N.,Xetra
I,SDF.DE,DE000KSAG888,K+S AG,Xetra
I,SEBA.DE,SE0000148884,SKAND.ENSK. BKN A FR.SK10,Xetra
I,SF3.DE,DE000A1TNU68,STS GROUP AG O.N.,Xetra
I,SFD1.DE,DE000A2DAN10,SOFTLINE AG,Xetra
I,SFO.DE,DE0005758304,SOFTSHIP AG,Xetra
I,SFQ.DE,DE000SAFH001,SAF-HOLLAND SA,Xetra
I,SGF.DE,DE000A1MMEV4,GERM.STARTUPS GRP NA O.N.,Xetra
I,SGL.DE,DE0007235301,SGL CARBON SE,Xetra
I,SGLA.DE,DE000A2TSLG0,SGL CARBON SE O.N. NEUE,Xetra
I,SGLE.DE,DE000A2G8YM4,SGL CARBON SE O.N. NEUE,Xetra
I,SHA.DE,DE000SHA0159,Schaeffler AG,Xetra
I,SHF.DE,DE0007203705,SNP SCHNEIDER-NEUREITHER & PARTNER AG,Xetra
I,SHL.DE,DE000SHL1006,SIEMENS HEALTH.AG NA O.N.,Xetra
I,SHR.DE,CH0024638212,SCHINDLER HLDG NA SF-.10,Xetra
I,SHWK.DE,DE000A0XFWK2,SHS VIVEON AG,Xetra
I,SIE.DE,DE0007236101,SIEMENS AG,Xetra
I,SIEN.DE,DE000A2NBT94,SIEMENS AG NEUE NA O.N.,Xetra
I,SII.DE,CA9628791027,SILVER WHEATON CORP.,Xetra
I,SIK.DE,CH0000587979,SIKA AG INH. SF 0.60,Xetra
I,SIS.DE,DE0007201907,FIRST SENSOR AG,Xetra
I,SIX2.DE,DE0007231326,SIXT AG,Xetra
I,SIX3.DE,DE0007231334,SIXT AG,Xetra
I,SJJ.DE,DE000A2G8X31,SERVICEWARE SE INH O.N.,Xetra
I,SK1A.DE,DE000SKWM021,SKW STAHL-METALLURGIE HOLDING AG,Xetra
I,SKB.DE,DE0007193500,KOENIG & BAUER AG,Xetra
I,SKFB.DE,SE0000108227,SKF AKTIEB.B(FRIA)SK0.625,Xetra
I,SKNB.DE,SE0000113250,SKANSKA AB B FRIA SK 3,Xetra
I,SKT.DE,NO0003053605,STOREBRAND ASA NK 5,Xetra
I,SKWA.DE,SE0000171100,SSAB AB -A- FRIA,Xetra
I,SLL.DE,AT0000946652,SCHOELLER-BLECKMANN OILFIELD EQUIPMENT AG,Xetra
I,SLT.DE,DE000A2NBTL2,SCHALTBAU HOLDING AG,Xetra
I,SLW.DE,CH0014852781,SWISS LIFE HOLDING AG,Xetra
I,SMHN.DE,DE000A1K0235,SUSS MICROTEC AG,Xetra
I,SMK.DE,CA80410K1012,SATURN MINERALS INC.,Xetra
I,SMPA.DE,FI0009003305,SAMPO OYJ A,Xetra
I,SMWN.DE,DE000A1RFMZ1,SM WIRTSCHAFTSBER.NA.O.N.,Xetra
I,SNAB.DE,SE0000308280,SCANIA AB B SK 1,Xetra
I,SNG.DE,DE000A1681X5,SINGULUS TECHNOLOGIES AG,Xetra
I,SNQB.DE,FI0009007694,SANOMA OYJ,Xetra
I,SOW.DE,DE000A2GS401,SOFTWARE AG,Xetra
I,SOY.DE,CY0100962113,SONGA OFFSHORE SE EO -.11,Xetra
I,SPM.DE,DE0007279507,SPLENDID MEDIEN AG,Xetra
I,SPR.DE,DE0005501357,AXEL SPRINGER AG,Xetra
I,SQL.DE,CH0042797206,MATADOR PART. GRP SF 1,Xetra
I,SQQ1.DE,PTSEM0AM0004,SEMAPA SGPS NAM. EO 1,Xetra
I,SR9.DE,CH0126881561,SWISS RE AG NAM. SF -.10,Xetra
I,SRT.DE,DE0007165607,SARTORIUS AG,Xetra
I,SRT3.DE,DE0007165631,SARTORIUS AG,Xetra
I,SSN.DE,CH0005795668,SCHMOLZ + BICKENB.AG,Xetra
I,ST5.DE,DE000A0LR936,STEICO AG,Xetra
I,STE.DE,DE000A14KR50,Steilmann SE,Xetra
I,STO3.DE,DE0007274136,STO AG,Xetra
I,SU1N.DE,CH0008038389,SWISS PRIME SITE SF15.3,Xetra
I,SUL1.DE,CH0038388911,SULZER AG,Xetra
I,SUR.DE,DE0005176903,SURTECO SE,Xetra
I,SUVN.DE,CH0002497458,SGS S.A. NA SF 1,Xetra
I,SVAB.DE,SE0006027546,STOCKHOLM IT VENTURES AB,Xetra
I,SVE.DE,DE000A168205,SHAREHOLDER VALUE BETEILIGUNGEN AG,Xetra
I,SVHA.DE,SE0000193120,SVENSKA HDLSBKN A SK 4.30,Xetra
I,SVJ.DE,CH0011037469,SYNGENTA AG,Xetra
I,SVKB.DE,SE0000667891,SANDVIK AB,Xetra
I,SW1.DE,DE000A1JBPV9,SHW AG,Xetra
I,SWA.DE,DE0007229007,SEKTKELLEREI SCHLOSS WACHENHEIM AG,Xetra
I,SWJ.DE,CH0008742519,SWISSCOM AG,Xetra
I,SWM.DE,SE0000310336,SWEDISH MATCH,Xetra
I,SWVK.DE,DE000A1YCMM2,SOLARWORLD AG O.N.,Xetra
I,SY1.DE,DE000SYM9999,SYMRISE AG,Xetra
I,SYT.DE,DE0005178008,SOFTING AG,Xetra
I,SYZ.DE,DE0005104806,SYZYGY AG,Xetra
I,SZG.DE,DE0006202005,SALZGITTER AG,Xetra
I,SZU.DE,DE0007297004,SUEDZUCKER AG,Xetra
I,SZZ.DE,DE0005141907,SINNERSCHRADER AG,Xetra
I,T1L.DE,AT0000652250,S IMMO AG,Xetra
I,T2V.DE,DK0060013274,TRYG AS NAM. DK 25,Xetra
I,T3T1.DE,DE000A2AAA75,SEVEN PRINCIPLES AG O.N.,Xetra
I,T5O.DE,DE000A0KFRJ1,CYTOTOOLS AG,Xetra
I,T9Z.DE,AT0000837307,ZUMTOBEL AG,Xetra
I,TA1.DE,AT0000720008,TELEKOM AUSTRIA AG,Xetra
I,TC1.DE,DE000TCAG172,TELE COLUMBUS AG,Xetra
I,TE8N.DE,CH0012453913,TEMENOS GROUP AG NA SF 5,Xetra
I,TEG.DE,DE0008303504,TAG IMMOBILIEN AG,Xetra
I,TEQ.DE,NO0010063308,TELENOR ASA NK 6,Xetra
I,TEX.DE,SE0000379190,CASTELLUM AB,Xetra
I,TGC.DE,NO0003078800,TGSNOP.GEOPHYSICAL NK0.25,Xetra
I,TGT.DE,DE0005118806,TELEGATE AG,Xetra
I,TIMA.DE,DE000ZEAL241,ZEAL NETWORK SE NA O.N.,Xetra
I,TINC.DE,DE000A2G8Y89,BAUMOT GROUP AG KONV.,Xetra
I,TKA.DE,DE0007500001,THYSSENKRUPP AG,Xetra
I,TLA.DE,CA89785C1077,TRUE LEAF MEDICINE INTL,Xetra
I,TLG.DE,DE000A12B8Z4,TLG IMMOBILIEN AG,Xetra
I,TLIK.DE,DE000A289B07,TELES AG INFORM.TECH.KONV,Xetra
I,TLLB.DE,SE0000114837,TRELLEBORG B (FRIA) SK 25,Xetra
I,TLS.DE,SE0000667925,TELIASONERA AB SK 3.20,Xetra
I,TLX.DE,DE000TLX1005,TALANX AG NA O.N.,Xetra
I,TM2.DE,DK0010311471,SYDBANK NAM. DK 10,Xetra
I,TM7.DE,FI0009014716,TALVIVAARA MINING CO. PLC,Xetra
I,TMV.DE,DE000A2YN900,TEAMVIEWER AG INH O.N.,Xetra
I,TPE.DE,DE0007461006,PVA TEPLA AG,Xetra
I,TPN.DE,DE0007499303,TRIPLAN AG,Xetra
I,TR9.DE,DE000A0S9R37,OTRS AG IA O.N.,Xetra
I,TRU.DE,DE000A2NB7S2,TRAUMHAUS AG INH O.N.,Xetra
I,TTEB.DE,FI0009000277,TIETO OYJ,Xetra
I,TTI.DE,DE000A0STST2,TOM TAILOR HOLDING AG,Xetra
I,TTK.DE,DE0007446007,TAKKT AG,Xetra
I,TTO.DE,DE0007501009,TTL BET.GRDBES.AG INH ON,Xetra
I,TTR1.DE,DE000A0XYGA7,TECHNOTRANS,Xetra
I,TUF.DE,DE000A161N22,TUFF GROUP AG O.N.,Xetra
I,TUI1.DE,DE000TUAG000,TUI AG,Xetra
I,U1D.DE,DE000A14KN47,UHR.DE AG,Xetra
I,UBK.DE,DE0005570808,UMWELTBANK AG O.N.,Xetra
I,UBRA.DE,CH0024899483,UBS AG,Xetra
I,UDC.DE,DE000A11QLU3,UNIDEVICE AG INH O.N.,Xetra
I,UHR.DE,CH0012255151,SWATCH GROUP AG/THE,Xetra
I,UHRN.DE,CH0012255144,SWATCH GROUP AG/THE,Xetra
I,ULC.DE,DE0005489561,UNITED LABELS AG,Xetra
I,UMDK.DE,DE000A2YN702,UMT UTD MOB.TECHN. KONV.,Xetra
I,UN01.DE,DE000UNSE018,Uniper SE,Xetra
I,UN9.DE,AT0000821103,UNIQA INSURANCE GROUP AG,Xetra
I,UNC.DE,BE0003739530,UCB S.A.,Xetra
I,UNQ.DE,JE00B2R84W06,UBM PLC LS 0.10,Xetra
I,UP2.DE,AT0000747555,UPDATE SOFTWARE AG,Xetra
I,UP7.DE,DE000A1EMAK2,UNITED POWER TECHNOLOGY AG,Xetra
I,US5.DE,DE000A1KREX3,ULTRASONIC AG,Xetra
I,USE.DE,DE0007551400,BEATE UHSE AG,Xetra
I,UTDI.DE,DE0005089031,UNITED INTERNET AG,Xetra
I,UUU.DE,DE0005167902,3U HOLDING AG,Xetra
I,UZU.DE,DE0007551509,UZIN UTZ AG,Xetra
I,V1RA.DE,CA9225893044,VENA RES INC.,Xetra
I,V33.DE,DE000CHEN993,VTION WIRELESS TECHNOLOGY AG,Xetra
I,V3S.DE,DE000A0KEXC7,VECTRON SYSTEMS AG,Xetra
I,V3V.DE,DE000A0BL849,VITA 34 AG,Xetra
I,V6C.DE,DE0007846867,VISCOM AG,Xetra
I,VAO.DE,DE000A0WMNK9,VAPIANO SE,Xetra
I,VAR1.DE,DE000A0TGJ55,Varta AG,Xetra
I,VAS.DE,AT0000937503,VOESTALPINE AG,Xetra
I,VAT.DE,CH0014786500,VALIANT HLDG NA SF 0.50,Xetra
I,VBK.DE,DE000A0JL9W6,VERBIO AG,Xetra
I,VBX.DE,DE000A2E4LE9,VOLTABOX AG INH. O.N.,Xetra
I,VG1.DE,DE0007786303,VASCORY AG O.N.,Xetra
I,VG8.DE,DE0005479307,VARENGOLD WERTPAPIERHANDELSBANK AG/GERMANY,Xetra
I,VH1.DE,KYG9361X1043,VIETNAM HOLDING LTD.,Xetra
I,VIB3.DE,DE0007657231,VILLEROY & BOCH AG,Xetra
I,VIH.DE,DE0002457512,VIB VERMOEGEN AG,Xetra
I,VIH1.DE,DE000A2YPDD0,VIB VERMOEGEN NA O.N.,Xetra
I,VNA.DE,DE000A1ML7J1,Vonovia SE,Xetra
I,VOL1.DE,SE0000115446,VOLVO B (FRIA),Xetra
I,VOS.DE,DE0007667107,VOSSLOH AG,Xetra
I,VOW.DE,DE0007664005,VOLKSWAGEN AG,Xetra
I,VOW3.DE,DE0007664039,VOLKSWAGEN AG,Xetra
I,VQT.DE,DE0006636681,va-Q-tec AG,Xetra
I,VRL.DE,DE000A2BPK34,BLACK PEARL DIG. INH O.N.,Xetra
I,VROS.DE,DE000A0Z2Y48,VERIANOS REAL ESTATE AG,Xetra
I,VSC.DE,DE000A14KL72,4SC AG,Xetra
I,VSJ.DE,IL0010837248,ADVANCED VISION TECHNOLOGY LTD,Xetra
I,VT9.DE,DE000VTG9999,VTG AG,Xetra
I,VT9A.DE,DE000VTG01V2,VTG AG O.N. EINGER.,Xetra
I,VTLN.DE,CH0012335540,VONTOBEL HLDG AG NA SF 1,Xetra
I,VVV1.DE,DE000A0EKMG1,OEKOWORLD AG VZO NEUE,Xetra
I,VVV3.DE,DE0005408686,OKOWORLD AG,Xetra
I,VWA.DE,CH0149557099,VANGE SOFTWARE GROUP AG,Xetra
I,VWS.DE,DK0010268606,VESTAS WIND SYSTEMS A/S,Xetra
I,WAC.DE,DE000WACK012,WACKER NEUSON SE,Xetra
I,WAF.DE,DE000WAF3001,SILTRONIC AG NA O.N.,Xetra
I,WAH.DE,AT0000A25NJ6,WOLFTANK-ADISA HLDG O.N.,Xetra
I,WBAH.DE,DE000A2TSU21,WILD BUNCH AG O.N. KONV.,Xetra
I,WCH.DE,DE000WCH8881,WACKER CHEMIE AG,Xetra
I,WCMK.DE,DE000A1X3X33,WCM BET.GRD.AG O.N.,Xetra
I,WDH.DE,DK0010268440,WILLIAM DEM.HLDG A DK 1,Xetra
I,WDI.DE,DE0007472060,WIRECARD AG,Xetra
I,WDL.DE,DE000WNDL201,WINDELN.DE AG O.N.,Xetra
I,WDLJ.DE,DE000WNDL1J7,WINDELN.DE SE O.N. JGE,Xetra
I,WEG1.DE,DE000A0HN4T3,WESTGRUND AG,Xetra
I,WELA.DE,AU000000MIG8,MIGME LTD,Xetra
I,WEW.DE,DE000A2N4H07,WESTWING GROUP INH. O.N.,Xetra
I,WFS.DE,AT0000827209,WARIMPEX FIN.U.BETEIL. AG,Xetra
I,WFT.DE,DE0005181606,WENG FINE ART AG NA O.N.,Xetra
I,WIB.DE,AT0000831706,WIENERBERGER AG,Xetra
I,WIG1.DE,DE000A1EMG56,WIGE MEDIA AG,Xetra
I,WIN.DE,DE000A0CAYB2,WINCOR NIXDORF AG,Xetra
I,WL6J.DE,DE000A2E4SX4,WILEX AG O.N. JGE,Xetra
I,WNW,VGG9604C1077,Monobank Plc,Xetra
I,WOF.DE,AT0000834007,WOLFORD AG,Xetra
I,WOPA.DE,AU000000WPL2,WOODSIDE PET.,Xetra
I,WRW.DE,CA8265161064,SIERRA WIRELESS INC.,Xetra
I,WSO1.DE,DE000A2GS609,WALLSTREET:ONLINE AG KONV,Xetra
I,WSU.DE,DE0007507501,WASHTEC AG,Xetra
I,WSV2.DE,AT0000908504,VIENNA INSURANCE GROUP AG WIENER VERSICHERUNG GRUPPE,Xetra
I,WUG.DE,DE0007775207,WESTAG & GETALIT AG,Xetra
I,WUG3.DE,DE0007775231,WESTAG & GETALIT AG,Xetra
I,WUW.DE,DE0008051004,WUESTENROT & WUERTTEMBERGISCHE AG,Xetra
I,XD4.DE,AT000000STR1,STRABAG SE,Xetra
I,XLS.DE,CH0461929603,LAMBDA TD SOFTWARE INC,Xetra
I,XMY.DE,DE000A2LQ009,JAXX SE,Xetra
I,XPG.DE,NO0003028904,SCHIBSTED-GRUPPEN AS NK 1,Xetra
I,YIT.DE,FI0009800643,YIT OYJ,Xetra
I,YOC.DE,DE0005932735,YOC AG,Xetra
I,YOU.DE,DE000A0B7EZ7,YOUNIQ AG,Xetra
I,YSN.DE,DE0007276503,SECUNET SECURITY AG,Xetra
I,YSON.DE,PTSON0AM0001,SONAE S.A. NAM. EO 1,Xetra
I,Z1L.DE,NO0003096208,LEROY SEAFOOD GROUP NK 1,Xetra
I,ZAL.DE,DE000ZAL1111,ZALANDO SE,Xetra
I,ZCT1.DE,CA9895892052,ZIMTU CAPITAL CORP.,Xetra
I,ZEF.DE,DE000ZDWT018,ZHONGDE WASTE TECHNOLOGY AG,Xetra
I,ZFIN.DE,CH0011075394,ZURICH INSURANCE GROUP AG,Xetra
I,ZIL2.DE,DE0007856023,ELRINGKLINGER AG,Xetra
I,ZO1.DE,DE0005111702,ZOOPLUS AG,Xetra
I,ZSB.DE,CA82967M1005,SIRONA BIOCHEM CORP.,Xetra
I,ZSOL.DE,DE0006926504,SOLUTIANCE AG,Xetra
I,ZVW.DE,VGG379591065,GEM DIAMONDS LTD DL -.01,Xetra